MOLD,DISC TYPE,SPEED,GLIDE,TURN,FADE,STABILITY,DIAMETER (cm),HEIGHT (cm),RIM DEPTH (cm),RIM THICKNESS (cm),INSIDE RIM DIAMETER (cm),HEIGHT/DIAMETER RATIO (%)
Armadillo,Putt & Approach,1,2,0,1,1,21.3,1.9,1.4,0.8,19.6,0.089201878
Beetle,Putt & Approach,1,7,-1,0,-1,21.9,2.2,1.6,0.8,20.3,0.100456621
Berg,Putt & Approach,1,1,0,2,2,21.1,2,1.4,0.9,19.3,0.09478673
Birdie,Putt & Approach,1,2,0,0,0,21.2,2.4,1.9,0.7,19.8,0.113207547
Claws,Putt & Approach,1,3,0,0.5,0.5,21.2,2,1.7,0.9,19.4,0.094339623
Glitch,Putt & Approach,1,7,0,0,0,21.2,2,1.6,0.8,19.5,0.094339623
Hydrogen,Putt & Approach,1,2,0,0,0,21.2,2.1,1.5,0.7,19.7,0.099056604
No2 Putter,Putt & Approach,1,2,-2,1,-1,21.8,2.6,1.6,1,19.8,0.119266055
Polecat,Putt & Approach,1,3,0,0,0,21.3,2.3,1.6,0.7,19.9,0.107981221
Sonic,Putt & Approach,1,2,-4,0,-4,21.6,2.3,1.6,0.6,20.4,0.106481481
Super Dillo,Putt & Approach,1,4,-3,1,-2,23.6,2,1.2,0.8,22,0.084745763
Upshot,Putt & Approach,1,3,-2,0,-2,21.6,2.2,1.4,0.7,20.2,0.101851852
Ace,Putt & Approach,2,3,-2,1,-1,21.2,2.2,1.1,0.9,19.4,0.103773585
Agent,Putt & Approach,2,3,0,1,1,21.2,2.1,1.4,1.1,19,0.099056604
Animal,Putt & Approach,2,1,0,1,1,21.2,2.1,1.3,1,19.2,0.099056604
APX,Putt & Approach,2,2,-1,1,0,21,2.3,1.4,0.9,19.2,0.10952381
Aviar,Putt & Approach,2,3,0,1,1,21.2,2,1.5,0.9,19.4,0.094339623
Aviar Driver,Putt & Approach,2,3,0,2,2,21.2,2,1.5,0.9,19.4,0.094339623
Bagger,Putt & Approach,2,3,0,1,1,21.3,1.8,1.5,1.1,19.2,0.084507042
Banger GT,Putt & Approach,2,3,0,1,1,21.2,2,1.6,1,19.2,0.094339623
Beaver,Putt & Approach,2,3,-1,1,0,21.2,2.2,1.6,0.9,19.3,0.103773585
Bighorn,Putt & Approach,2,3,0,1,1,21.2,2.2,1.6,1.5,19.2,0.103773585
Bleak,Putt & Approach,2,4,-1,1,0,21,2.2,1.4,1.1,18.9,0.104761905
Blowfly I,Putt & Approach,2,2,0,2,2,21.5,2.7,1.1,1.5,18.5,0.125581395
Bluebonnet,Putt & Approach,2,3,0,1,1,21.1,2.1,1.3,1.1,18.9,0.099526066
Blunt Gumbputt,Putt & Approach,2,2,0,2,2,21.7,2.2,1.9,0.7,20.2,0.101382488
Bullet,Putt & Approach,2,4,0,1,1,21.2,1.8,1.5,1.1,18.9,0.08490566
Butter,Putt & Approach,2,3,0,1,1,21.5,2.1,1.5,1.2,19.1,0.097674419
Caltrop,Putt & Approach,2,2,0,2,2,21,1.9,1.5,1,19.1,0.09047619
Chainzilla,Putt & Approach,2,3,-1,1,0,21.2,2.2,1.7,1,19.2,0.103773585
Challenger,Putt & Approach,2,3,0,2,2,21,2.2,1.6,1,19,0.104761905
Challenger OS,Putt & Approach,2,3,0,3,3,21.1,2,1.5,1,18.9,0.09478673
Challenger SS,Putt & Approach,2,3,-1,2,1,21.1,2,1.4,1,19.1,0.09478673
Classic Aviar,Putt & Approach,2,3,0,0,0,21.2,2,1.5,0.9,19.4,0.094339623
Clozer,Putt & Approach,2,3,0,2,2,21.2,2.1,1.4,0.9,19.4,0.099056604
Clutch,Putt & Approach,2,3,0,1,1,21.2,2,1.4,0.9,19.4,0.094339623
Coupe,Putt & Approach,2,3,-1,1,0,21.2,2,1.3,0.9,19.4,0.094339623
Cumulus,Putt & Approach,2,3,-1,1,0,21.1,1.7,1.4,1.1,18.9,0.08056872
Dagger,Putt & Approach,2,5,0,1,1,21.1,2.1,1.5,1,19.1,0.099526066
EMac Judge,Putt & Approach,2,4,0,1,1,21.2,2,1.4,1.1,18.9,0.094339623
Faith,Putt & Approach,2,3,0,1,1,21.2,2.2,1.5,1.1,19,0.103773585
Firefly,Putt & Approach,2,3,0,1,1,21.1,2.1,1.5,1,19.1,0.099526066
Flow Motion,Putt & Approach,2,3,0,2,2,21.1,1.9,1.5,1,19,0.090047393
Focus,Putt & Approach,2,2,-1,2,1,21.1,2.1,1.6,1,19.1,0.099526066
Fudge,Putt & Approach,2,3,0,2,2,21.3,2,1.5,1.1,19.2,0.093896714
Gauntlet,Putt & Approach,2,4,0,1,1,21.2,2.1,1.5,1.1,19,0.099056604
Great Horned Owl,Putt & Approach,2,3,0,1,1,21.2,2.2,1.4,1,19.2,0.103773585
Guard,Putt & Approach,2,5,0,0.5,0.5,21,2.1,1.6,0.9,19.1,0.1
Gui,Putt & Approach,2,3,0,2,2,21.1,1.8,1.5,1,19.1,0.085308057
Hammer,Putt & Approach,2,2,-1,2,1,21.7,2.1,1.1,1.2,19.3,0.096774194
Hammer Chui,Putt & Approach,2,2.5,0,3,3,21.1,1.7,1.4,1.3,18.5,0.08056872
Hawg,Putt & Approach,2,1,0,3.5,3.5,21.2,2,1.3,1.2,18.8,0.094339623
Hope,Putt & Approach,2,3,0,1,1,21.2,2,1.5,1.1,19,0.094339623
Hummingbird,Putt & Approach,2,4,0,1,1,21.2,2,1.5,0.9,19.3,0.094339623
Hunter,Putt & Approach,2,4,0,0,0,21.2,2,1.4,0.9,19.4,0.094339623
Huntsman,Putt & Approach,2,3,0,2.5,2.5,21.3,2.4,1.6,1.1,19.1,0.112676056
Inner Core,Putt & Approach,2,4,-0.5,0,-0.5,21.3,1.9,1.5,1,19.4,0.089201878
Iridium,Putt & Approach,2,3,0,2,2,21,2.1,1.5,0.9,19.1,0.1
JK Aviar,Putt & Approach,2,3,0,2,2,21.2,2,1.5,0.9,19.4,0.094339623
Judge,Putt & Approach,2,4,0,1,1,21.2,2,1.5,1.1,18.9,0.094339623
KC Aviar,Putt & Approach,2,3,0,2,2,21.2,2,1.5,0.9,19.4,0.094339623
Keystone,Putt & Approach,2,5,-1,1,0,21.1,1.9,1.5,1,19,0.090047393
Knife,Putt & Approach,2,3,0,2,2,21.1,1.9,1.3,1,19.1,0.090047393
Land Mine,Putt & Approach,2,2,0,2,2,22,1.8,1.5,1.2,19.6,0.081818182
Ling,Putt & Approach,2,3,-3,1,-2,21.2,1.8,1.3,1,19.2,0.08490566
Link,Putt & Approach,2,3,0,1,1,21.2,1.9,1.5,1,19.1,0.089622642
Macana,Putt & Approach,2,5,0,1,1,21.1,2.1,1.4,1.1,18.9,0.099526066
Magic,Putt & Approach,2,3,-1,0,-1,21,2.1,1.5,1,19,0.1
Magnet,Putt & Approach,2,3,-1,1,0,21.2,2,1.4,0.8,19.6,0.094339623
Magneton,Putt & Approach,2,3,0,2,2,21.1,1.9,1.5,1,19.1,0.090047393
Makani,Mid Range,2,7,-2,0,-2,24.2,2.7,1.7,0.7,22.8,0.111570248
Marvel,Putt & Approach,2,3,0,1,1,21.1,2,1.4,1.1,18.9,0.09478673
Mercy,Putt & Approach,2,4,0,1,1,21.2,2.1,1.5,1.1,19.1,0.099056604
Meteor Hammer,Putt & Approach,2,3,0,0,0,21.2,2,1.5,1,19.2,0.094339623
Mjolner,Putt & Approach,2,3,0,1,1,21.2,2,1.5,1,19.2,0.094339623
Mobius,Putt & Approach,2,4,-1,0,-1,21.1,1.9,1.4,1,19.1,0.090047393
Myth,Putt & Approach,2,3,0,2,2,21.2,2.1,1.5,1.1,19,0.099056604
No2 Upshot,Putt & Approach,2,4,-1,1,0,21.4,2,1.5,0.9,19.6,0.093457944
Nomad,Putt & Approach,2,4,0,1.5,1.5,21.2,2,1.4,1.1,19,0.094339623
Nova,Putt & Approach,2,3,0,0,0,21.3,2.7,1.5,1.1,19.1,0.126760563
Ohm,Putt & Approach,2,5,0,1,1,21.2,1.9,1.5,1,19.1,0.089622642
Omega,Putt & Approach,2,3,0,0,0,21.1,2,1.5,0.9,19.3,0.09478673
Omega 4,Putt & Approach,2,3,0,1,1,21.1,2,1.5,1,19,0.09478673
Omega AP,Putt & Approach,2,3,0,0,0,21.1,2,1.5,0.9,19.3,0.09478673
Omega AP Big Bead,Putt & Approach,2,3,0,1,1,21.1,2,1.5,0.9,19.3,0.09478673
Omega Big Bead,Putt & Approach,2,3,0,1,1,21.2,2.1,1.5,0.9,19.4,0.099056604
Omega SuperSoft,Putt & Approach,2,3,0,0,0,21.1,2,1.5,0.9,19.3,0.09478673
P1,Putt & Approach,2,3,0,0,0,21.2,2,1.5,1.1,19,0.094339623
P1X,Putt & Approach,2,3,0,0,0,21.2,2,1.4,1,19,0.094339623
P2,Putt & Approach,2,3,0,1,1,21.2,2.1,1.6,1.1,19,0.099056604
Pace,Putt & Approach,2,4,0,1.5,1.5,21.1,2,1.5,1.1,18.9,0.09478673
Penrose,Putt & Approach,2,4,0,2,2,21.1,2.1,1.5,1.1,18.9,0.099526066
Pilot,Putt & Approach,2,5,0,1,1,21.2,1.9,1.5,1,18.2,0.089622642
Polar Bear,Putt & Approach,2,3,0,1,1,21.2,2,1.5,1,19.3,0.094339623
PowerDrive Gumbputt,Putt & Approach,2,2,0,2,2,21.5,2.6,1.2,1.3,18.9,0.120930233
Profit,Putt & Approach,2,3,0,2,2,21.1,1.9,1.6,1.1,18.9,0.090047393
Prowler,Putt & Approach,2,2,0,2,2,21.2,2.2,1.4,0.9,19.4,0.103773585
Puttr,Putt & Approach,2,2,-1,1,0,21,2.4,1.6,0.9,19.2,0.114285714
Radar,Putt & Approach,2,5,0,0.5,0.5,21.1,2,1.5,1,19.1,0.09478673
Rainmaker,Putt & Approach,2,3,0,0.5,0.5,21.2,2,1.5,1.1,19,0.094339623
Rattler,Putt & Approach,2,2,-2,1,-1,21.2,2.2,1.6,0.6,20,0.103773585
Reef,Putt & Approach,2,2,-1,1,0,21.2,2.1,1.4,0.9,19.4,0.099056604
Rhyno,Putt & Approach,2,1,0,3,3,21.2,1.9,1.3,1,19.2,0.089622642
RhynoX,Putt & Approach,2,1,0,4,4,21.2,2,1.3,1,19.1,0.094339623
Ridge,Putt & Approach,2,3,0,1,1,21.1,2,1.6,0.9,19.3,0.09478673
Roach,Putt & Approach,2,4,0,1,1,21.1,2,1.5,1.1,18.9,0.09478673
Rubber Putter,Putt & Approach,2,3,-1,1,0,21.6,2.5,1.3,1.3,19,0.115740741
Rune,Putt & Approach,2,4,0,0,0,21.2,2.1,1.6,1.1,19,0.099056604
Sarek,Putt & Approach,2,4,0,1.5,1.5,21.2,2.2,1.5,1.1,19,0.103773585
Scale,Putt & Approach,2,1,0,3,3,21,2.2,1.5,1,19,0.104761905
Scarab,Putt & Approach,2,4,0,1,1,21.2,2.1,1.5,1,19.2,0.099056604
Sea Otter,Putt & Approach,2,3,0,2,2,21.2,1.8,1.5,1,19.1,0.08490566
Serpent,Putt & Approach,2,2,0,0,0,21,2.2,1.5,1,19.1,0.104761905
Shogun,Putt & Approach,2,4,0,2,2,21.2,2.4,1.5,1,19.2,0.113207547
Sinus,Putt & Approach,2,2,0,2,2,21.2,1.9,1.4,0.9,19.3,0.089622642
Slim,Putt & Approach,2,4,-3,0,-3,21.4,1.7,1.1,1.1,19.2,0.079439252
Snoopy,Putt & Approach,2,4,0,2,2,21.1,2.1,1.6,1.1,18.9,0.099526066
Soft Magnet,Putt & Approach,2,3,-1,2,1,21.2,2,1.4,0.8,19.6,0.094339623
Sole,Putt & Approach,2,3,0,2,2,21.2,2.3,1.5,1,19.2,0.108490566
Sparta,Putt & Approach,2,4,0,1,1,21.3,2,1.6,1,19.2,0.093896714
Steady,Putt & Approach,2,3,0,2,2,21.2,2,1.4,1,19.3,0.094339623
Steady BL,Putt & Approach,2,3,0,2,2,21.2,2.5,1.5,1.1,19,0.117924528
Summit,Putt & Approach,2,3,-1,0,-1,21.1,1.9,1.2,0.9,19.2,0.090047393
Supreme Judge,Putt & Approach,2,4,0,1,1,21.2,2.2,1.4,1.1,19,0.103773585
Takapu,Putt & Approach,2,3,0,2,2,21.2,2.1,1.5,1.1,18.9,0.099056604
Tank,Putt & Approach,2,1,0,2,2,21.2,2,1.3,0.9,19.4,0.094339623
Tank-Panzer,Putt & Approach,2,2,0,3,3,21.2,2.1,1.4,1.2,18.8,0.099056604
Telos,Putt & Approach,2,4,0,1.5,1.5,21,1.9,1.5,1,18.9,0.09047619
Titanic,Putt & Approach,2,2,0,2,2,21.1,2.2,1.5,1,19.1,0.104265403
Touch,Putt & Approach,2,3,0,1,1,21.2,2,1.4,1.2,17.8,0.094339623
Voodoo,Putt & Approach,2,3,0,0,0,21.2,2.1,1.6,1,19.2,0.099056604
VP,Putt & Approach,2,3,0,2,2,21.1,2,1.6,0.9,19.1,0.09478673
War Dove,Putt & Approach,2,3,0,1,1,21.1,2,1.6,1.1,18.9,0.09478673
War Pigeon,Putt & Approach,2,3,0,3,3,21.2,2,1.5,1.1,19.1,0.094339623
Warden,Putt & Approach,2,4,0,0.5,0.5,21.2,2,1.5,1.1,19.1,0.094339623
Warlock,Putt & Approach,2,3,0,1,1,21.1,2.3,1.6,1,19.1,0.109004739
Warspear,Putt & Approach,2,3,0,2.5,2.5,21.2,1.8,1.3,1,19.2,0.08490566
Watt,Putt & Approach,2,5,-0.5,0.5,0,21.2,1.8,1.5,1.1,19,0.08490566
Whale,Putt & Approach,2,3,0,1,1,21.1,2,1.5,1,19,0.09478673
Wizard,Putt & Approach,2,3,0,2,2,21.2,2.1,1.8,1,19.2,0.099056604
Woodchuck,Putt & Approach,2,2,-1,0,-1,21.2,2,1.5,0.9,19.3,0.094339623
Xero,Putt & Approach,2,3,0,0,0,21.2,2,1.5,1,19.2,0.094339623
Xing,Putt & Approach,2,4,0,1,1,21.3,2.1,1.7,1,19.3,0.098591549
Yeti Aviar,Putt & Approach,2,3,0,1,1,21.2,2,1.5,0.9,19.4,0.094339623
Zephyr,Putt & Approach,2,3,0,0,0,24.1,2.7,1.7,0.7,22.7,0.112033195
Zingback,Putt & Approach,2,3,0,0,0,22.3,2.8,1.7,0.7,20.9,0.125560538
Anode,Putt & Approach,2.5,3,0,0.5,0.5,21,2.1,1.4,1.1,18.9,0.1
Ion,Putt & Approach,2.5,3,0,1.5,1.5,21,1.9,1.6,1.1,18.8,0.09047619
Spin,Putt & Approach,2.5,4,-2,0,-2,21,1.9,1.5,1.1,18.8,0.09047619
Zeppelin,Putt & Approach,2.5,6,-1,0,-1,22.1,2,1.5,0.9,20.3,0.090497738
A1,Putt & Approach,3,3,0,3,3,21,2,1.3,1.4,18.2,0.095238095
A5,Putt & Approach,3,4,-1,1,0,21.3,1.9,1.4,1.2,19,0.089201878
Aero,Putt & Approach,3,6,0,0,0,21.7,2.5,1.3,1,19.6,0.115207373
Alpaca,Putt & Approach,3,3,0,1,1,21.1,2,1.5,1,19,0.09478673
Alter,Putt & Approach,3,3,0,1,1,21.2,2,1.5,1.1,19,0.094339623
Atom,Putt & Approach,3,3,0,1,1,21.1,1.9,1.4,1.1,18.8,0.090047393
Aviar3,Putt & Approach,3,2,0,2,2,21.2,1.9,1.5,1,19.2,0.089622642
AviarX3,Putt & Approach,3,2,0,3,3,21.3,1.8,1.6,1,19.3,0.084507042
Bennu,Putt & Approach,3,5,-1,0,-1,21,2.2,1.5,1.1,18.9,0.104761905
Benny,Putt & Approach,3,4,0,2,2,21.1,1.9,1.5,1.1,18.9,0.090047393
Blowfly II,Putt & Approach,3,2,0,2,2,21.7,2.3,1.7,1.4,18.9,0.105990783
Breaker,Putt & Approach,3,3,0,3,3,21,1.7,1.2,1,19,0.080952381
Bull Snake,Putt & Approach,3,2,0,4,4,21.1,2,1.3,1.3,18.5,0.09478673
Bullfrog,Putt & Approach,3,1,0,1,1,21.1,1.8,1.3,1,19,0.085308057
Chainsaw,Putt & Approach,3,5,0,1,1,21,2.2,1.5,1,19.1,0.104761905
Chief,Putt & Approach,3,3,0,1,1,21.1,1.7,1.3,1,19.2,0.08056872
Chief OS,Putt & Approach,3,3,0,2,2,21.2,2.1,1.3,1,19.2,0.099056604
Classic Roc,Putt & Approach,3,3,0,2,2,21.2,2,1.2,0.9,19.4,0.094339623
Colt,Putt & Approach,3,4,-1,1,0,21.2,1.8,1.3,1.1,19,0.08490566
Condor,Mid Range,3,4,0,2,2,24.1,2.2,1.6,1.3,21.5,0.091286307
Copperhead,Putt & Approach,3,4,0,2,2,21.6,1.8,1.3,1,19.6,0.083333333
Crater,Putt & Approach,3,2,0,3,3,21.1,1.8,1.3,1.1,19,0.085308057
Credo,Putt & Approach,3,2,0,3,3,21.7,2,1.6,1.2,19.3,0.092165899
Crown,Putt & Approach,3,4,0,1,1,21.2,2,1.4,1,19.2,0.094339623
Dart,Putt & Approach,3,4,0,0,0,21.2,2.2,1.4,1.2,18.8,0.103773585
Deputy,Putt & Approach,3,4,-1.5,0,-1.5,21.2,2,1.5,1.1,19.1,0.094339623
Devil Hawk,Putt & Approach,3,3,0,4,4,21.2,2.1,1.3,1,19.2,0.099056604
Eldritch,Putt & Approach,3,3,0,1,1,21.2,2,1.5,1.1,18.9,0.094339623
Envy,Putt & Approach,3,3,0,2,2,21,1.8,1.4,1.1,18.8,0.085714286
Fierce,Putt & Approach,3,4,-2,0,-2,21.1,1.9,1.5,1,19,0.090047393
Fragment,Putt & Approach,3,4,0,1,1,21.2,1.8,1.5,1.1,19,0.08490566
Gavel,Putt & Approach,3,5,-2,0.5,-1.5,21.3,1.9,1.4,1.4,19.5,0.089201878
Genesis,Putt & Approach,3,3,-1.5,1,-0.5,21.1,2,1.5,1,19.1,0.09478673
Habit,Putt & Approach,3,5,-1,0,-1,22.1,2.1,1.6,1,20.1,0.095022624
Hydra,Putt & Approach,3,3,0,2,2,21.1,2,1.4,1.4,18.3,0.09478673
Invader,Putt & Approach,3,2,0,1,1,21.2,1.9,1.5,1,19.1,0.089622642
Jack Rabbit,Putt & Approach,3,3,0,3,3,21.1,2,1.5,1.2,18.7,0.09478673
Jokeri,Putt & Approach,3,3,1,2,3,21.3,1.8,1.5,1.1,19,0.084507042
Kang,Mid Range,3,5,-2,0,-2,21.5,1.8,1.4,1,19.6,0.08372093
Koi,Putt & Approach,3,4,-1,0,-1,21.1,1.8,1.4,1.1,18.8,0.085308057
Lander,Putt & Approach,3,4,-0.5,2,1.5,21,1.8,1.4,1.2,18.6,0.085714286
Lockdown,Putt & Approach,3,3,0,2,2,21.2,1.7,1.4,1,19.1,0.080188679
Logic,Putt & Approach,3,3,0,1,1,21.2,1.9,1.3,1.1,19,0.089622642
Luna,Putt & Approach,3,3,0,3,3,21.1,2,1.4,1.1,18.9,0.09478673
Mad Mission,Mid Range,3,3,0,2,2,21.2,1.8,1.4,1,19.2,0.08490566
Madrone,Putt & Approach,3,3,0,1,1,21,2.2,1.7,1,19,0.104761905
Maiden,Putt & Approach,3,4,0,1,1,21.2,1.8,1.3,1,19.2,0.08490566
Manzanita,Putt & Approach,3,3,0,2,2,21,2.1,1.6,1.1,18.7,0.1
Marshal,Putt & Approach,3,4,0,1,1,21.2,2,1.6,1.1,19.1,0.094339623
Mirage,Putt & Approach,3,4,-3,0,-3,21.2,1.9,1.2,1.1,19,0.089622642
Muse,Putt & Approach,3,3,0,2,2,21.2,2,1.6,1.2,18.8,0.094339623
Narwhal,Putt & Approach,3,5,0,0,0,21,2.3,1.2,1.2,18.5,0.10952381
Nuno,Putt & Approach,3,4,-1,1,0,21.1,2.3,1.5,1.2,18.8,0.109004739
Omega Driver,Putt & Approach,3,2,0,2,2,21.1,2,1.5,0.9,18.1,0.09478673
Origo,Putt & Approach,3,3,0,1,1,21.2,1.9,1.5,1.1,19.1,0.089622642
P Model S,Putt & Approach,3,5,0,2,2,21.2,2,1.5,1,19.2,0.094339623
P Model US,Putt & Approach,3,5,-1,1,0,21.3,2,1.5,1.1,19.1,0.093896714
P Model US+,Putt & Approach,3,5,-1,1,0,21.3,2,1.4,1.1,19.1,0.093896714
P3,Putt & Approach,3,2,0,3,3,21.2,2,1.2,1,19.2,0.094339623
P3x,Putt & Approach,3,2,0,3,3,21.2,1.9,1.6,1.1,19,0.089622642
PA-1,Putt & Approach,3,3,0,2,2,21,1.9,1.4,1,19,0.09047619
PA-2,Putt & Approach,3,3,0,1,1,21.1,1.9,1.4,1,19.1,0.090047393
PA-3,Putt & Approach,3,4,0,1,1,21,2,1.4,1,18.9,0.095238095
PA-4,Putt & Approach,3,3,-1,1,0,21,1.9,1.4,1,19,0.09047619
PA-5,Putt & Approach,3,4,-2,0.5,-1.5,21.4,1.9,1.4,0.9,19.5,0.088785047
Particle,Putt & Approach,3,3,0,2.5,2.5,21.1,2,1.4,1.1,18.8,0.09478673
Peace Frog,Putt & Approach,3,3,0,1,1,21,2.2,1.6,1,19.1,0.104761905
Penny Putter,Putt & Approach,3,3,0,2,2,21,1.9,1.5,1.1,18.8,0.09047619
Phi,Putt & Approach,3,4,0,1,1,21,2,1.5,1.1,18.9,0.095238095
Pig,Putt & Approach,3,1,0,3,3,21.2,2.1,1.4,1.4,18.4,0.099056604
Plutonium,Putt & Approach,3,3,0,1,1,21,2,1.5,1,19,0.095238095
Ponderosa,Putt & Approach,3,4,-2,0,-2,21.1,2.1,1.5,1,19,0.099526066
Popcorn,Putt & Approach,3,3,0,1,1,21.4,1.9,1.6,1.1,19.2,0.088785047
Praxis,Putt & Approach,3,3,0,1,1,21.2,1.8,1.4,1.2,18.8,0.08490566
Proxy,Putt & Approach,3,3,-1,0.5,-0.5,21,1.8,1.5,1.1,18.8,0.085714286
Pure,Putt & Approach,3,3,-1,1,0,21.2,1.8,1.4,1,19.2,0.08490566
PX-3,Putt & Approach,3,4,0,2.5,2.5,21,1.9,1.4,1,19,0.09047619
Raze,Putt & Approach,3,2,0,3,3,21.2,1.9,1.5,1.1,19,0.089622642
Reko,Putt & Approach,3,3,0,1,1,21.2,1.8,1.4,1,19.1,0.08490566
Reko X,Putt & Approach,3,3,0,2,2,21.4,1.9,1.4,1.1,19.2,0.088785047
Ruby,Putt & Approach,3,5,-3,1,-2,21.5,1.9,1.4,1,19.5,0.088372093
Ruin,Putt & Approach,3,3,0,3,3,21.8,1.8,1.4,1.3,19.1,0.082568807
Ruru,Putt & Approach,3,3,0,1,1,21,2.3,1.6,1,18.9,0.10952381
Sensei,Putt & Approach,3,3,0,1,1,21.3,2.3,1.4,1,19.2,0.107981221
Shadowplay,Putt & Approach,3,3,-2,0.5,-1.5,21.1,2,1.4,1.1,18.9,0.09478673
Shaman,Putt & Approach,3,3,-1,1,0,21.2,1.8,1.3,1,19.2,0.08490566
Shield,Putt & Approach,3,3,0,1,1,21.1,2.5,1.4,1,19,0.118483412
ShoreBreak,Putt & Approach,3,3,0,3,3,21.2,2,1.6,1.1,19,0.094339623
Slammer,Putt & Approach,3,2,0,3,3,21.2,1.8,1.4,1,19.2,0.08490566
Sockibomb Slammer,Putt & Approach,3,2,0,3,3,21.1,1.9,1.5,1.2,18.8,0.090047393
Sparrow,Putt & Approach,3,3,0,2,2,21.3,1.9,1.6,1.1,19.1,0.089201878
Splinter,Putt & Approach,3,2,0,3.5,3.5,21.3,2.4,1.5,1,19.2,0.112676056
Stabilizer,Putt & Approach,3,3.5,0,3,3,21.2,1.8,1.4,1.1,18.8,0.08490566
Stego,Mid Range,3,1,1,4,5,21.3,1.8,1.2,1,19.3,0.084507042
Stud,Putt & Approach,3,3,0,2,2,21.2,1.9,1.3,1.1,18.9,0.089622642
Swan,Putt & Approach,3,3,-1,0,-1,21.1,1.9,1.4,1.1,19,0.090047393
Swan 1 Reborn,Putt & Approach,3,3,-2.5,0,-2.5,21.1,1.9,1.3,1.1,18.9,0.090047393
TeMoko,Mid Range,3,4,0,0,0,23.7,2.9,2.3,0.7,22.3,0.122362869
Tomb,Putt & Approach,3,4,0,1,1,21.3,1.6,1.3,1.1,19.1,0.075117371
Tui,Putt & Approach,3,4,-1,0,-1,21.1,1.8,1.4,0.9,19.3,0.085308057
Vaccine,Mid Range,3,3,0,2,2,21.2,1.8,1.2,1,19.2,0.08490566
War Hammer,Putt & Approach,3,4,0,2,2,21.2,2,1.5,1,19.3,0.094339623
Warhog,Putt & Approach,3,3,0,1,1,21.2,2.2,1.4,1.4,18.4,0.103773585
Wings,Mid Range,3,3,0,2,2,21.2,1.8,1.2,1,19.2,0.08490566
XD,Putt & Approach,3,4,-1,1,0,21.2,2,1.2,0.9,19.4,0.094339623
XD +,Putt & Approach,3,4,-1,1,0,21.2,2,1.2,0.9,19.4,0.094339623
Yan,Mid Range,3,6,0,0,0,21.9,2.2,1.4,1.1,19.7,0.100456621
Yi,Putt & Approach,3,3,-1,2,1,21.2,1.9,1.4,1,19.1,0.089622642
Zeal,Putt & Approach,3,4,-2,0,-2,21.2,2.3,1.5,1.1,19.1,0.108490566
Cohort,Putt & Approach,3.5,4,0,1,1,21.1,1.8,1.3,1,19.1,0.085308057
A2,Putt & Approach,4,4,0,3,3,21,2,1.3,1.4,18.2,0.095238095
A3,Putt & Approach,4,4,0,3,3,21,2,1.3,1.4,18.2,0.095238095
A4,Putt & Approach,4,4,-1,2,1,21,2,1.3,1.4,18.2,0.095238095
Alias,Mid Range,4,4,-1,1,0,21.5,1.8,1.2,1.2,19.1,0.08372093
Alpas,Putt & Approach,4,4,-2,1,-1,21,1.9,1.2,1.2,18.6,0.09047619
Angler,Mid Range,4,3,0,3,3,21.5,2,1.4,1.5,18.5,0.093023256
Anvil,Mid Range,4,2,0,4,4,21.3,1.8,1.2,1.5,18.3,0.084507042
Aurora MS,Mid Range,4,5,0,0,0,21.8,1.8,1.2,1.2,19.4,0.082568807
Axe,Mid Range,4,3,0,1,1,21.2,2,1.3,1,19.2,0.094339623
Baobab,Putt & Approach,4,0,1,3,4,21.3,1.7,1.3,1.1,19.1,0.079812207
Bounty,Mid Range,4,5,-1.5,0.5,-1,21.9,1.8,1.2,1.2,19.5,0.082191781
Bulldog,Mid Range,4,3,0,2,2,21.1,2,1.6,1.3,18.6,0.09478673
Caribou,Mid Range,4,5,-3,1,-2,21.8,2.1,1.3,1.3,19.3,0.096330275
Cobra,Mid Range,4,5,-2,2,0,21.7,2,1.1,1.2,19.3,0.092165899
Comet,Mid Range,4,5,-2,1,-1,21.8,2.1,1.3,1.2,19.4,0.096330275
Coyote,Mid Range,4,5,0,1,1,21.7,1.9,1.3,1.2,19.4,0.087557604
Crag,Mid Range,4,3,0,3.5,3.5,21.4,2,1.4,1.4,18.6,0.093457944
Crossbow - Nu,Mid Range,4,1.5,0.5,4,4.5,21.3,1.6,1.3,1.6,18.2,0.075117371
Culprit,Putt & Approach,4,3,0,3.5,3.5,21.3,1.6,1.3,1.2,18.9,0.075117371
Distortion,Putt & Approach,4,3,0,3,3,21.4,1.9,1.3,1.3,18.9,0.088785047
Douglas Fir,Putt & Approach,4,3,-2,1,-1,21.2,1.8,1.3,1,19.2,0.08490566
Entropy,Putt & Approach,4,3,0,3,3,21.2,2,1.4,1.2,18.8,0.094339623
Fuji,Mid Range,4,4,0,2,2,21.7,1.8,1.2,1.3,18.9,0.082949309
Gatekeeper,Mid Range,4,5,0,2,2,21.7,1.8,1.3,1.4,18.9,0.082949309
Ghost,Mid Range,4,5,0,3,3,21.7,2,1.3,1.2,19.3,0.092165899
Golem,Putt & Approach,4,2,0,4,4,21.2,1.7,1.4,1.2,18.8,0.080188679
Gote,Mid Range,4,5,0,1,1,21.9,2.1,1.3,1.3,19.3,0.095890411
Grizzly,Mid Range,4,4,0,2,2,21.9,2,1.3,1.3,19.3,0.091324201
Harp,Putt & Approach,4,3,0,3,3,21.2,1.6,1.4,1.1,19,0.075471698
Harpoon,Mid Range,4,3,0,2,2,21.5,1.7,1.2,1.2,19.1,0.079069767
Havu,Putt & Approach,4,4,0,0,0,21.5,1.8,1.5,1.1,19.3,0.08372093
Hawk,Mid Range,4,3,-2,2,0,21.5,1.8,1.2,1.2,19.1,0.08372093
Hellbender,Putt & Approach,4,4,0,2,2,21.2,1.7,1.3,1.1,19,0.080188679
Hellbender Razorback,Putt & Approach,4,4,0,3,3,21.1,1.9,1.3,1.1,18.9,0.090047393
I-One,Mid Range,4,5,0,0,0,22.1,2,1.4,0.9,20.3,0.090497738
Kea,Mid Range,4,3,0,3,3,21.2,1.9,1.4,1.4,18,0.089622642
King Cobra,Mid Range,4,5,0,2,2,21.7,2,1.1,1.2,19.3,0.092165899
Kon Tiki,Mid Range,4,5,-3,0,-3,21.2,1.7,1.2,1.1,19,0.080188679
Loki,Mid Range,4,2,0,4,4,21.4,1.9,1.3,1.5,18.5,0.088785047
Lycan,Mid Range,4,5,0,1,1,21.8,2.1,1.4,1.5,18.8,0.096330275
M Model US,Mid Range,4,5,-1,1,0,21.8,1.9,1.5,1.3,19.1,0.087155963
Maestro,Mid Range,4,3,0,2,2,21.3,1.7,1.3,1,19.2,0.079812207
Mako,Mid Range,4,5,0,0,0,21.7,2.1,1.4,1.2,19.3,0.096774194
MD,Mid Range,4,5,0,0,0,21.8,2.1,1.4,1.4,19,0.096330275
MD2,Mid Range,4,5,0,2,2,21.7,2,1.4,1.4,19,0.092165899
Mint,Putt & Approach,4,3,0,3,3,21.4,1.7,1.4,1.3,18.9,0.079439252
Moose,Mid Range,4,5,0,2,2,21.8,2.1,1.3,1.3,19.3,0.096330275
No3 Hookshot,Mid Range,4,5,-1,2,1,21.9,2.1,1.2,1.3,19.2,0.095890411
No3 Hyzer,Mid Range,4,4,0,4,4,22.1,2,1.2,1.6,18.9,0.090497738
Nordic Warrior,Mid Range,4,4,0,2,2,21.5,2,1.4,1.4,18.7,0.093023256
Pain,Mid Range,4,4,0,3,3,21.7,2,1.4,1.4,18.9,0.092165899
Passport,Putt & Approach,4,4,-1,1,0,21.2,2.1,1.6,1,19.2,0.099056604
Peach,Mid Range,4,5,-2,1,-1,21.4,1.9,1.3,1.4,18.6,0.088785047
Pearl,Mid Range,4,6,-4,0,-4,21.6,1.8,1.2,1.2,19.2,0.083333333
Peppermint,Putt & Approach,4,2,0,4,4,21.2,1.7,1.4,1.4,18.5,0.080188679
Pteranodon,Mid Range,4,6,-2,1,-1,21.6,2.3,1.2,1.4,18.8,0.106481481
Rancho Roc,Mid Range,4,4,0,3,3,21.7,2,1.3,1.2,19.3,0.092165899
Rat,Mid Range,4,2,0,3,3,21.2,1.8,1.3,1.2,18.8,0.08490566
Razor Claw Tactic,Putt & Approach,4,2,0,4,4,21.3,2,1.4,1.1,19,0.093896714
Ringer,Putt & Approach,4,4,0,2,2,21,1.8,1.2,0.9,19.2,0.085714286
Ringer GT,Putt & Approach,4,4,0,3,3,21.1,1.7,1.1,1,19,0.08056872
Roc,Mid Range,4,4,0,3,3,21.7,2,1.3,1.2,19.3,0.092165899
Roc+,Mid Range,4,4,0,3,3,21.7,2,1.3,1.2,19.3,0.092165899
Savior,Putt & Approach,4,4,0,3,3,21.4,1.7,1.2,1.2,19.1,0.079439252
Shark,Mid Range,4,4,0,2,2,21.7,2.1,1.3,1.2,19.3,0.096774194
Shockwave,Mid Range,4,2,0,3,3,21.5,2.2,1.3,1.3,18.9,0.102325581
Shu,Mid Range,4,5,-2,1,-1,21.8,1.8,1.1,1.3,19.1,0.082568807
Sol,Mid Range,4,5,-3,0,-3,21.1,1.7,1.3,1.1,18.9,0.08056872
Spike,Putt & Approach,4,3,-1,1,0,21.2,1.8,1.3,1,19.2,0.08490566
Stingray,Mid Range,4,5,-3,1,-2,21.7,1.8,1.1,1.2,19.3,0.082949309
Super Stingray,Mid Range,4,5,-1,1,0,21.7,1.8,1.1,1.2,19.3,0.082949309
Suspect,Mid Range,4,3,0,3,3,21.3,1.6,1.2,1.2,18.9,0.075117371
Tactic,Putt & Approach,4,2,0,3,3,21.4,1.8,1.4,1.1,19.1,0.08411215
Tailor,Mid Range,4,4,0,1,1,21.7,1.8,1.3,1.3,19.1,0.082949309
Tangent,Mid Range,4,4,-0.5,0.5,0,21.5,2.1,1.3,1.2,19.1,0.097674419
Taurus,Mid Range,4,4,0,4,4,21.7,2,1.5,1.4,19,0.092165899
Temple,Putt & Approach,4,3,0,3,3,21.3,1.7,1.4,1.2,18.9,0.079812207
Tempo,Putt & Approach,4,4,0,2.5,2.5,21.2,1.6,1.4,1.2,18.7,0.075471698
Tensor,Mid Range,4,4,0,2.5,2.5,21.5,2,1.3,1.2,19.1,0.093023256
The Baron,Mid Range,4,3,0,2.5,2.5,21.2,2,1.6,2.3,18.7,0.094339623
Theory,Mid Range,4,4,-1.5,1,-0.5,21.5,1.9,1.3,1.2,19.1,0.088372093
Thor,Mid Range,4,4,0,2,2,21.7,2.1,1.3,1.3,19.1,0.096774194
Toro,Putt & Approach,4,2,1,3,4,21.2,1.7,1.4,1.3,18.6,0.080188679
Uranium,Mid Range,4,2,0,2,2,21.2,1.5,1.4,1.3,18.7,0.070754717
Vertex,Mid Range,4,4,-2,0.5,-1.5,21.5,1.9,1.3,1.2,19,0.088372093
VRoc,Mid Range,4,4,0,1,1,21.8,2,1.3,1.4,19,0.091743119
Walrus,Mid Range,4,5,0,3,3,21.8,1.9,1.2,1.3,19.3,0.087155963
Wedge,Mid Range,4,3,-3,1,-2,21.2,1.7,1.2,1,19.2,0.080188679
Wolf,Mid Range,4,3,-4,1,-3,21.8,1.6,1.1,1.2,19.4,0.073394495
Yao,Mid Range,4,4,0,2,2,21.6,1.9,1.4,1.4,18.8,0.087962963
Zone,Putt & Approach,4,3,0,3,3,21.1,2,1.3,1.2,18.8,0.09478673
Zone OS,Putt & Approach,4,2,1,5,6,21.2,1.8,1.4,1.2,18.9,0.08490566
Jarn,Mid Range,4.5,3,0,3,3,21.3,1.8,1.4,1.3,18.8,0.084507042
Addax,Mid Range,5,5,0,2,2,21.7,1.7,1.3,1.5,18.7,0.078341014
Addax V2,Mid Range,5,5,0,1,1,21.5,1.6,1.3,1.4,18.6,0.074418605
Aftershock,Mid Range,5,4,0,2,2,21.5,2,1.2,1.3,18.9,0.093023256
Anchor,Mid Range,5,4,0,3,3,21.7,1.8,1.5,1.4,18.9,0.082949309
Antidote,Mid Range,5,5,0,1,1,21.5,2,1.3,1.3,18.9,0.093023256
Anubis,Mid Range,5,5,0,0,0,21.8,2.1,1.3,1.4,18.7,0.096330275
Apollo,Mid Range,5,5,-1,2,1,21.8,1.8,1.3,1.3,19.1,0.082568807
Archer,Mid Range,5,4,-4,1,-3,21.5,1.8,1.1,1.5,18.5,0.08372093
Arcturus,Mid Range,5,6,-1,0,-1,21.8,2,1.2,1.3,19.2,0.091743119
Atlas,Mid Range,5,4,0,1,1,21.8,1.7,1.4,1.4,19.1,0.077981651
Avatar,Mid Range,5,4,0,2,2,21.7,1.8,1.4,1.1,19,0.082949309
Axis,Mid Range,5,5,-1,1,0,21.8,2.1,1.3,1.3,19.2,0.096330275
Badger,Mid Range,5,3,0,3,3,21.4,1.6,1.3,1.5,18.3,0.074766355
Bard,Mid Range,5,4,0,3,3,21.7,1.9,1.3,1.5,18.8,0.087557604
Barracuda,Mid Range,5,4,-2,3,1,22.5,1.7,1.2,1.6,19.3,0.075555556
Battleship,Mid Range,5,4.5,0,2.5,2.5,21.4,1.8,1.4,1.4,18.5,0.08411215
BB6,Mid Range,5,5,-2,1,-1,21.3,2.1,1.3,1.2,18.8,0.098591549
Beech,Mid Range,5,2,0,3,3,21.9,1.8,1.3,1.6,18.7,0.082191781
Berry,Mid Range,5,5,-1,1,0,21.4,1.7,1.4,1.3,18.8,0.079439252
Bobcat,Mid Range,5,4,0,2.5,2.5,21.4,1.9,1.4,1.4,18.5,0.088785047
Buzzz,Mid Range,5,4,-1,1,0,21.7,1.9,1.3,1.2,19.3,0.087557604
Buzzz GT,Mid Range,5,5,0,1,1,21.5,1.7,1.3,1.3,19,0.079069767
Buzzz OS,Mid Range,5,4,0,3,3,21.7,1.7,1.2,1.3,19.1,0.078341014
Buzzz SS,Mid Range,5,4,-2,1,-1,21.6,2.1,1.3,1.3,19,0.097222222
Chariot,Mid Range,5,5,0,1,1,21.8,1.7,1.4,1.4,19,0.077981651
Claymore,Mid Range,5,5,-1,1,0,21.7,1.9,1.2,1.4,18.9,0.087557604
Commander,Mid Range,5,3,0,4,4,21.8,2.2,1.2,1.4,19,0.100917431
Compass,Mid Range,5,5,0,1,1,21.6,2.3,1.3,1.3,19,0.106481481
Conquest,Mid Range,5,4,-2,1,-1,21.6,1.6,1.1,1.3,19,0.074074074
Cro,Mid Range,5,3,0,2,2,21.2,2,1.4,1.3,18.5,0.094339623
Crossbow,Putt & Approach,5,5,-1,0,-1,21.9,1.6,1.2,1.4,19.1,0.073059361
Deflector,Mid Range,5,3.5,0,4,4,21.5,2,1.3,1.6,18.3,0.093023256
Despair,Mid Range,5,4,-1,1,0,21.4,2.1,1.4,1.3,18.8,0.098130841
Dingo,Mid Range,5,5,0,3,3,21.5,1.6,1.3,1.3,18.9,0.074418605
Dragonfly,Mid Range,5,4,-3,1,-2,21,1.6,1.1,1.4,19.1,0.076190476
Drone,Mid Range,5,3,1,4,5,21.5,2,1.3,1.5,18.5,0.093023256
Echo,Mid Range,5,5,-1.5,1,-0.5,21.4,1.6,1.3,1.5,18.5,0.074766355
Eden,Mid Range,5,4,0,2,2,21.3,2,1.3,1.3,18.7,0.093896714
Element,Mid Range,5,5,-1,1,0,22.1,1.7,1.3,1.3,19.6,0.076923077
EMac Truth,Mid Range,5,5,0,2,2,21.7,1.8,1.2,1.5,18.7,0.082949309
Evidence,Mid Range,5,5,-1,0,-1,21.7,1.8,1.2,1.4,18.7,0.082949309
Eye,Mid Range,5,5,-1,1,0,21.9,1.8,1.2,1.4,19,0.082191781
Flip,Mid Range,5,6,-4,1,-3,21.7,1.9,1.3,1.3,19.1,0.087557604
Foxbat,Mid Range,5,6,-1,0,-1,21.7,2.2,1.4,1.4,19,0.101382488
Frag,Mid Range,5,2,0,5,5,22.1,1.9,1.2,1.6,18.9,0.085972851
Fugitive,Mid Range,5,5,-0.5,1.5,1,21.8,2.1,1.3,1.4,19.1,0.096330275
Fuse,Mid Range,5,6,-1,0,-1,21.9,2.1,1.3,1.3,19.3,0.095890411
Gator,Mid Range,5,2,0,4,4,21.2,1.9,1.4,1.3,18.6,0.089622642
Gator3,Mid Range,5,2,0,3,3,21.2,1.8,1.4,1.5,18.2,0.08490566
Gauge,Mid Range,5,5,0,1,1,21.8,2.2,1.4,1.2,19.4,0.100917431
Gila,Mid Range,5,4,0,3,3,21,1.6,1.2,1.4,19.2,0.076190476
Gremlin GM,Mid Range,5,4,0,2,2,21.2,1.8,1.2,1.4,18.5,0.08490566
Griffin,Mid Range,5,3,1,3,4,21.2,2,1.3,1.7,17.8,0.094339623
Griffon,Mid Range,5,4,-2.5,0,-2.5,21.6,1.9,1.4,1.3,18.9,0.087962963
Havran,Mid Range,5,5,-1,1,0,22,2,1.3,1.4,19.2,0.090909091
Hex,Mid Range,5,5,-1,1,0,21.4,1.6,1.3,1.4,18.5,0.074766355
Hornet,Mid Range,5,5,0,4,4,21.5,1.9,1.3,1.3,18.9,0.088372093
Ibex,Mid Range,5,4,-1,1,0,21.5,2.4,1.3,1.3,18.9,0.111627907
Inca,Mid Range,5,5,0,3,3,21.7,1.9,1.4,1.3,19,0.087557604
Interceptor,Mid Range,5,4,0,3,3,21.1,1.5,1.1,1.4,18.2,0.071090047
Jay,Mid Range,5,4,0,1,1,21.7,1.7,1.2,1.4,18.9,0.078341014
Jireh,Mid Range,5,5,-1,1,0,21.6,2,1.4,1.3,19,0.092592593
Justice,Mid Range,5,1,0.5,4,4.5,21.3,1.7,1.3,1.5,18.3,0.079812207
Kanto,Mid Range,5,5,0,2,2,22.1,1.9,1.4,1.4,19.3,0.085972851
Kapre,Mid Range,5,5,-1,1,0,21.4,2.3,1.4,1.6,18.3,0.107476636
Karma,Mid Range,5,5,-1,3,2,21.9,1.9,1.1,1.4,19.1,0.086757991
Kite,Mid Range,5,6,-3,1,-2,21.2,1.9,1.3,1.6,17.9,0.089622642
Kotuku,Mid Range,5,5,0,2,2,21.7,1.7,1.4,1.4,19,0.078341014
Kui,Mid Range,5,5,0,2.5,2.5,21.2,2.1,1.3,1.6,17.9,0.099056604
Launch,Mid Range,5,5,-1,2,1,21.4,2.1,1.3,1.3,18.8,0.098130841
Lava,Mid Range,5,5,-1.5,1,-0.5,21.9,1.7,1.3,1.3,19.2,0.077625571
Leviathan,Mid Range,5,4,-3,0,-3,21.3,1.9,1.1,1.4,18.6,0.089201878
Lion,Mid Range,5,4,0,2,2,21.7,1.7,1.4,1.3,19,0.078341014
Lithium,Mid Range,5,4,-2,1,-1,21.9,1.5,1.3,1.5,18.9,0.068493151
Lobster,Mid Range,5,5,-3,1,-2,21.5,1.8,1.3,1.4,18.6,0.08372093
Lone Wolf,Mid Range,5,5,-3,1,-2,21.6,1.5,1.1,1.4,18.9,0.069444444
Lucky,Mid Range,5,5,-2,1,-1,21.7,1.7,1.3,1.3,19.1,0.078341014
M1,Mid Range,5,4,0,3,3,21.7,2,1.3,1.4,18.9,0.092165899
M2,Mid Range,5,4,0,2,2,21.7,2,1.3,1.4,18.9,0.092165899
M3,Mid Range,5,5,-1,2,1,21.7,1.9,1.3,1.4,18.9,0.087557604
M4,Mid Range,5,5,-1,1,0,21.7,2,1.3,1.4,18.9,0.092165899
M5,Mid Range,5,5,-3,1,-2,21.7,2.2,1.3,1.3,19,0.101382488
Mace,Mid Range,5,5,0,2,2,21.8,2.1,1.3,1.3,19.2,0.096330275
Magma,Mid Range,5,5,0,2,2,21.9,1.7,1.3,1.5,18.9,0.077625571
Magnolia,Mid Range,5,5,0,2,2,21.8,2,1.2,1.4,19,0.091743119
Mako3,Mid Range,5,5,0,0,0,21.7,1.9,1.4,1.4,19,0.087557604
Malta,Mid Range,5,4,1,3,4,21.3,1.7,1.3,1.3,18.6,0.079812207
Mana,Mid Range,5,5,-2,1,-1,21.5,1.8,1.4,1.4,18.6,0.08372093
Mango,Mid Range,5,4,0,4,4,21.4,1.8,1.4,1.4,18.7,0.08411215
Manta,Mid Range,5,5,-2,1,-1,21.8,1.9,1.2,1.4,19,0.087155963
Matrix,Mid Range,5,4,-1,2,1,21.5,1.6,1.4,1.4,18.7,0.074418605
MD1,Mid Range,5,6,0,0,0,21.7,2.1,1.4,1.3,19.1,0.096774194
MD3,Mid Range,5,5,0,1,1,21.8,2,1.4,1.4,18.9,0.091743119
MD4,Mid Range,5,4,0,3,3,21.7,1.6,1.4,1.4,18.9,0.073732719
MD5,Mid Range,5,3,0,4,4,21.1,1.9,1.3,1.4,18.3,0.090047393
Medius,Mid Range,5,5,-1,2,1,21.5,2.4,1.2,1.4,18.8,0.111627907
Meteor,Mid Range,5,5,-3,1,-2,21.5,2,1.3,1.3,18.9,0.093023256
Method,Mid Range,5,5,0,3,3,21.7,1.9,1.4,1.3,19,0.087557604
Mid Disc3,Mid Range,5,5,0,2,2,21.7,1.8,1.3,1.4,18.9,0.082949309
Midari,Mid Range,5,4,-1,2,1,21.6,1.8,1.5,1.4,18.8,0.083333333
Middy,Mid Range,5,5,0,3,3,21.4,1.6,1.2,1.3,18.8,0.074766355
Mortar,Mid Range,5,2,0,3,3,21.2,1.9,1.4,1.4,18.4,0.089622642
Mustang,Mid Range,5,5,0,2,2,21.5,1.6,1.3,1.4,18.6,0.074418605
Mutant,Mid Range,5,3,0,4,4,21.7,1.8,1.2,1.3,19,0.082949309
MX-1,Mid Range,5,2,0,4,4,21.3,2,1.3,1.5,18.3,0.093896714
MX-3,Mid Range,5,4,0,2,2,21.7,1.9,1.3,1.4,18.9,0.087557604
Mystic,Mid Range,5,5,-2,0,-2,22,2,1.1,1.5,19,0.090909091
Navigator,Mid Range,5,4,-1,2,1,21.6,1.7,1.5,1.4,18.9,0.078703704
Nebula,Mid Range,5,4,-0.5,2,1.5,21.3,2,1.3,1.3,18.7,0.093896714
No2 Hookshot,Mid Range,5,5,-1,3,2,21.5,2.1,1.1,1.3,18.9,0.097674419
No2 Hyzer,Mid Range,5,5,1,4,5,21.1,2,1.2,1.6,17.9,0.09478673
Obex,Control Driver,5,4,0,3,3,21.5,2.1,1.2,1.3,18.9,0.097674419
Orbit,Mid Range,5,4,0,3,3,21.2,2.1,1.3,1,19.2,0.099056604
Origin,Mid Range,5,5,-1,1,0,21.4,1.6,1.2,1.3,18.8,0.074766355
Panther,Mid Range,5,4,-2,1,-1,21.2,1.9,1.2,1.3,18.6,0.089622642
Paradox,Mid Range,5,4,-4,0,-4,21.5,1.8,1.3,1.3,18.9,0.08372093
Pathfinder,Mid Range,5,5,0,1,1,21.5,1.7,1.3,1.4,18.6,0.079069767
Patrol,Mid Range,5,5,-3,1,-2,21.7,1.6,1.2,1.4,18.8,0.073732719
Pine,Mid Range,5,4,0,2,2,21.7,1.9,1.3,1.5,18.7,0.087557604
Piwakawaka,Mid Range,5,6,-1,0,-1,21.8,2,1.2,1.3,19.2,0.091743119
Proof,Mid Range,5,6,-3,1,-2,21.5,1.5,1.1,1.3,19,0.069767442
Prophecy,Mid Range,5,5,0,2,2,21.9,1.7,1.2,1.5,19,0.077625571
Pursuit,Mid Range,5,3,0,3,3,21.3,1.6,1.3,1.5,18.3,0.075117371
Pyro,Mid Range,5,4,0,2.5,2.5,21.5,1.6,1.3,1.6,18.4,0.074418605
Quake,Mid Range,5,3,0,3,3,21.6,1.7,1.2,1.5,18.6,0.078703704
Ra,Mid Range,5,4,0,2.5,2.5,21.7,1.8,1.4,1.4,18.8,0.082949309
Reactor,Mid Range,5,5,-0.5,1.5,1,21.4,1.7,1.3,1.4,18.5,0.079439252
Recluse,Mid Range,5,3,0,4,4,21.3,1.6,1.3,1.5,18.3,0.075117371
Rift,Mid Range,5,4,-1,1.5,0.5,21.6,1.8,1.3,1.5,18.6,0.083333333
Roc3,Mid Range,5,4,0,3,3,21.8,2,1.3,1.4,19,0.091743119
RocX3,Mid Range,5,4,0,3.5,3.5,21.8,2,1.4,1.4,19,0.091743119
Rollo,Mid Range,5,6,-5,1,-4,21.8,1.6,1.1,1.5,18.8,0.073394495
Runway,Mid Range,5,4,0,3.5,3.5,21.5,1.7,1.4,1.4,18.6,0.079069767
Scorpion,Mid Range,5,5,-1,2,1,22.5,2.1,1.2,1.7,19.1,0.093333333
Sentinel MF,Mid Range,5,4,0,4,4,21.7,2.1,1.2,1.3,19.1,0.096774194
Shark3,Mid Range,5,4,0,2,2,21.8,2,1.3,1.4,19,0.091743119
Shotgun,Mid Range,5,5,0,2,2,22,1.8,1.3,1.6,18.8,0.081818182
Silent Cruiser,Mid Range,5,5,0,2.5,2.5,21.1,1.8,1.3,1.6,17.8,0.085308057
Silicon,Mid Range,5,4,0,3,3,21.6,1.8,1.4,1.3,18.9,0.083333333
Skeeter,Mid Range,5,5,-1,1,0,21.2,1.9,1.3,1.3,18.7,0.089622642
Skylark,Mid Range,5,4,0,2,2,21.7,1.9,1.5,1.4,19.3,0.087557604
Sling,Mid Range,5,5,0,1,1,21.8,1.8,1.2,1.3,19.3,0.082568807
Solstice,Mid Range,5,4,0,3,3,21.8,1.7,1.3,1.4,18.9,0.077981651
Spider,Mid Range,5,3,0,1,1,21.2,1.7,1.4,1.3,18.6,0.080188679
Spruce,Mid Range,5,4,-1,2,1,22,1.7,1.2,1.5,19.1,0.077272727
STARi,Mid Range,5,4,-2,1,-1,21.6,1.9,1.4,1.3,18.9,0.087962963
Stratus,Mid Range,5,4,-4,1,-3,21.4,1.8,1.2,1.2,19,0.08411215
Supra,Mid Range,5,5,0,1,1,21.6,1.7,1.2,1.4,18.9,0.078703704
Supreme Fugitive,Mid Range,5,3,0,4,4,21.7,1.9,1.3,1.5,18.7,0.087557604
Svea,Mid Range,5,6,-1,0,-1,21.9,2.1,1.3,1.3,19.3,0.095890411
Texas Ranger,Mid Range,5,5,-1,1,0,21.4,1.8,1.2,1.4,18.6,0.08411215
Tomahawk,Mid Range,5,6,0,0,0,21.6,1.9,1.3,1.3,19,0.087962963
Torpedo,Mid Range,5,5,0,1,1,21.4,1.6,1.4,1.4,18.5,0.074766355
Troija,Mid Range,5,2,0,5,5,21.7,2.1,1.4,1.5,18.7,0.096774194
Trust,Mid Range,5,5,0,2,2,21.7,1.9,1.3,1.3,19.1,0.087557604
Truth,Mid Range,5,5,-1,1,0,21.7,1.7,1.2,1.5,18.7,0.078341014
Tursas,Mid Range,5,5,-2,1,-1,21.7,1.7,1.3,1.4,18.9,0.078341014
Uplink,Mid Range,5,5,-3,0.5,-2.5,21.5,1.8,1.4,1.3,18.8,0.08372093
Ursus,Mid Range,5,4,0,3,3,21.3,1.7,1.3,1.5,18.3,0.079812207
Valor,Mid Range,5,5,0,2,2,21.7,2.1,1.3,1.2,19.3,0.096774194
VCobra,Mid Range,5,5,-1,2,1,21.7,2,1.1,1.2,19.3,0.092165899
Vector,Mid Range,5,4,0,2,2,21.7,2.1,1.3,1.3,19.1,0.096774194
Verdict,Mid Range,5,4,0,3.5,3.5,21.7,1.7,1.2,1.5,18.7,0.078341014
Walker,Mid Range,5,3,0,4,4,21.4,1.7,1.2,1.4,18.6,0.079439252
Wall Cloud,Mid Range,5,5,0,3,3,21.9,2.1,1.3,1.5,18.8,0.095890411
Warrant,Mid Range,5,5,-2,0,-2,21.7,1.8,1.3,1.4,18.8,0.082949309
Warrior,Mid Range,5,4,0,3,3,22,1.9,1.2,1.4,19.3,0.086363636
Warship,Mid Range,5,6,0,1,1,21.7,2.1,1.3,1.4,18.9,0.096774194
Wasp,Mid Range,5,3,0,2,2,21.6,1.8,1.3,1.2,19.2,0.083333333
Wombat,Mid Range,5,6,-1,0,-1,21.8,2.2,1.4,1.4,18.9,0.100917431
Wombat3,Mid Range,5,6,-1,0,-1,21.7,1.8,1.2,1.4,18.9,0.082949309
Zheng,Mid Range,5,5,0,2,2,21.8,1.7,1.3,1.3,19.1,0.077981651
Caiman,Mid Range,5.5,2,0,4,4,21.1,1.7,1.4,1.4,18.3,0.08056872
Code,Mid Range,5.5,4,-0.5,2,1.5,21.2,1.6,1.2,1.4,18.3,0.075471698
Code-X,Mid Range,5.5,5,-1,2,1,21.2,1.6,1.2,1.4,18.3,0.075471698
Croc,Mid Range,5.5,2,0,5,5,21.1,2,1.4,1.4,18.3,0.09478673
Jaguar,Mid Range,5.5,6,-3,2,-1,24.1,1.7,1.4,1.6,20.9,0.070539419
The Duchess,Mid Range,5.5,5,-1,2,1,21.3,1.7,1.1,1.8,17.8,0.079812207
The Duke,Mid Range,5.5,4,0,3.5,3.5,21.5,1.9,1.4,1.7,18.1,0.088372093
Ascend,Control Driver,6,5,-3,0.5,-2.5,21.2,1.8,1.2,1.7,17.8,0.08490566
Blaze,Mid Range,6,4,0,3,3,21.1,1.9,1.2,1.7,17.7,0.090047393
Cheetah,Control Driver,6,4,-2,2,0,21.2,1.9,1.2,1.6,18,0.089622642
Contrail,Control Driver,6,5,0,2,2,21,1.5,1.3,1.6,17.7,0.071428571
Core,Mid Range,6,5,-0.5,1,0.5,21.7,2,1.2,1.4,18.9,0.092165899
Demon,Mid Range,6,4,0,4,4,21.1,1.9,1.2,1.7,17.7,0.090047393
Flatline,Control Driver,6,5,-0.5,1,0.5,21.2,1.6,1.1,1.6,18,0.075471698
Gargoyle,Control Driver,6,3,-1,2,1,21.2,2,1.2,1.4,18.4,0.094339623
Gazelle,Control Driver,6,4,0,2,2,21.2,1.8,1.2,1.6,18,0.08490566
Glide,Mid Range,6,5,-3,1,-2,21.5,2,1.3,1.5,18.6,0.093023256
Gobi,Mid Range,6,5,-0.5,1,0.5,21.7,1.8,1.3,1.4,18.8,0.082949309
Helios,Control Driver,6,5,-3,1,-2,21,1.6,1.1,1.6,17.7,0.076190476
Impact,Mid Range,6,6,-3,1,-2,21.6,2,1.3,1.3,19,0.092592593
Jiao,Control Driver,6,5,-2,1.5,-0.5,21.2,1.6,1.1,1.6,18,0.075471698
Kaxe,Mid Range,6,4,0,3,3,21,1.9,1.3,1.5,18,0.09047619
Kaxe Z,Mid Range,6,5,0,2,2,21.1,1.9,1.3,1.5,18,0.090047393
Leopard,Control Driver,6,5,-2,1,-1,21.2,1.6,1.1,1.6,18,0.075471698
M Model OS,Mid Range,6,4,-1,3,2,21.7,1.9,1.4,1.3,19.1,0.087557604
M Model S,Mid Range,6,4,0,3,3,21.7,2,1.5,1.3,19.1,0.092165899
Magician,Control Driver,6,4,0,2,2,21.2,1.8,1.3,1.6,17.9,0.08490566
Midgard,Control Driver,6,5,-1,1,0,21.1,1.7,1.1,1.8,17.5,0.08056872
Moab,Control Driver,6,4,1,5,6,21.8,1.7,1.2,1.8,18.4,0.077981651
No1 Hookshot,Control Driver,6,4,0,3,3,22.2,1.7,1.5,1.5,19.2,0.076576577
No2 Roller,Control Driver,6,6,-2,2,0,23.6,2.1,1.4,1.7,19.2,0.088983051
No2 Slice,Control Driver,6,5,-3,1,-2,21.6,2,1.1,1.3,19,0.092592593
No3 Driver,Control Driver,6,5,-2,3,1,22.5,2,1.2,1.6,19.3,0.088888889
No3 Slice,Mid Range,6,5,-3,1,-2,21.7,1.9,1.1,1.4,18.9,0.087557604
Pelican,Control Driver,6,5,-3,1,-2,21.1,2,1.2,1.7,17.7,0.09478673
Polaris LS,Control Driver,6,4,-1,1,0,21.1,1.9,1.1,1.6,17.9,0.090047393
Radium,Mid Range,6,4,-1,2,1,21.9,2,1.1,1.5,18.9,0.091324201
Ram,Control Driver,6,4,1,4,5,21.7,1.9,1.3,1.8,18.1,0.087557604
Raven,Control Driver,6,4,-2,2,0,21.7,1.9,1.2,1.6,18.5,0.087557604
Relay,Control Driver,6,5,-2,1,-1,21.1,1.5,1.2,1.7,17.7,0.071090047
River Pro,Control Driver,6,5,0,2,2,21.4,1.8,1.3,1.8,17.8,0.08411215
Scout,Mid Range,6,5,-1,2,1,21.8,2.1,1.1,1.4,19,0.096330275
Signal,Control Driver,6,5,-3,1,-2,21.1,1.5,1.2,1.2,17.7,0.071090047
Squall,Mid Range,6,4,-1,1,0,21.5,1.8,1.3,1.3,18.6,0.08372093
Stig,Mid Range,6,5,-2,1,-1,21.1,1.9,1.2,1.6,18,0.090047393
Stryder,Mid Range,6,4,0,3,3,21.8,2,1.5,1.3,19.2,0.091743119
Tremor,Mid Range,6,5,-4,1,-3,21.6,1.7,1.1,1.4,18.8,0.078703704
Trident,Control Driver,6,4,-0.5,3,2.5,21.4,1.4,1.1,1.9,17.6,0.065420561
Viper,Control Driver,6,4,1,5,6,21.7,2,1.3,1.6,18.5,0.092165899
Whippet,Control Driver,6,3,1,5,6,21.2,1.9,1.3,1.7,17.8,0.089622642
Xtreme,Control Driver,6,3,1,4,5,21,1.9,1.2,1.7,17.7,0.09047619
Zombee,Control Driver,6,4,-1,1,0,21.6,2.1,1.2,1.6,18.4,0.097222222
Clash,Control Driver,6.5,4,-1,2,1,21.1,1.4,1.1,1.8,17.5,0.066350711
Crave,Control Driver,6.5,5,-1,1,0,21.1,1.4,1.2,1.8,17.4,0.066350711
Inspire,Control Driver,6.5,5,-1.5,1,-0.5,21.1,1.5,1.2,1.8,17.4,0.071090047
Resistor,Control Driver,6.5,4,0,3.5,3.5,21.1,1.5,1.2,1.7,17.5,0.071090047
Servo,Control Driver,6.5,5,-1,2,1,21.1,1.4,1.2,1.8,17.5,0.066350711
Switch,Control Driver,6.5,5,-1.5,1,-0.5,21.1,1.4,1.2,1.8,17.5,0.066350711
Athena,Control Driver,7,5,0,2,2,21.3,1.5,1.1,1.8,16.6,0.070422535
Banshee,Control Driver,7,3,0,3,3,21.2,1.5,1.2,1.8,17.6,0.070754717
Barbarian,Control Driver,7,5,0,2,2,21.3,1.8,1.2,1.9,17.6,0.084507042
Brazos,Control Driver,7,5,0,2,2,21.2,1.7,1.1,1.8,17.7,0.080188679
Centurion,Control Driver,7,5,-1,1.5,0.5,21.1,1.8,1.2,1.7,17.8,0.085308057
Cinder,Control Driver,7,5,0,2,2,21.2,2.2,1.3,1.9,17.5,0.103773585
Cookie,Control Driver,7,5,0,2,2,21.4,1.7,1.2,1.8,17.8,0.079439252
Cosmos,Control Driver,7,5,0,1,1,21,1.6,1.1,1.8,17.4,0.076190476
Cyclone,Control Driver,7,4,-1,2,1,21.3,1.8,1.2,1.6,18.1,0.084507042
Drift,Control Driver,7,5,-2,1,-1,21.2,1.8,1.2,1.8,17.7,0.08490566
Eagle,Control Driver,7,4,-1,3,2,21.2,1.6,1.2,1.7,17.8,0.075471698
Eclipse,Control Driver,7,5,-2,2,0,22,1.6,1.2,1.4,19.2,0.072727273
Evader,Control Driver,7,4,0,2.5,2.5,21.2,1.9,1.1,1.8,17.5,0.089622642
Exodus,Control Driver,7,5,-0.5,2,1.5,21.1,1.8,1.1,1.8,17.5,0.085308057
EXP-X,Control Driver,7,3,1,4,5,21.1,1.6,1.2,1.8,17.5,0.075829384
EXP1,Control Driver,7,3,0,4,4,21.1,1.6,1.2,1.8,17.5,0.075829384
Explorer,Control Driver,7,5,0,2,2,21.2,1.7,1.1,1.8,17.7,0.080188679
F1,Control Driver,7,4,0,3,3,21.3,1.5,1.1,1.8,17.7,0.070422535
F2,Control Driver,7,5,-1,3,2,21.3,1.5,1.1,1.8,17.7,0.070422535
F3,Control Driver,7,5,-1,2,1,21.3,1.5,1.1,1.8,17.7,0.070422535
F5,Control Driver,7,5,-2,1,-1,21.3,1.9,1.2,1.8,17.7,0.089201878
F7,Control Driver,7,5,-3,1,-2,21.3,1.5,1.1,1.8,17.8,0.070422535
Fairway Disc Dark Rebel,Control Driver,7,6,-1,1,0,21.2,1.6,1.2,1.8,17.5,0.075471698
FD,Control Driver,7,6,0,1,1,21.2,1.4,1.1,1.7,17.7,0.066037736
FD1,Control Driver,7,4,0,2,2,21.2,1.7,1.1,1.8,17.6,0.080188679
FD2,Control Driver,7,4,0,2,2,21.2,1.6,1.1,1.8,17.5,0.075471698
Frio,Control Driver,7,5,-1,1,0,21.1,1.6,1.1,1.8,17.6,0.075829384
Frontier,Control Driver,7,5,-3,1,-2,21.2,2,1.2,1.9,17.4,0.094339623
FU,Control Driver,7,5,0,2,2,21.3,1.8,1.2,1.9,17.5,0.084507042
Genius,Control Driver,7,5,-4,1,-3,21.1,1.7,1.2,1.7,17.7,0.08056872
Glory,Control Driver,7,5,0,3,3,21.2,1.8,1.1,1.8,17.6,0.08490566
Grackle,Control Driver,7,5,-1,2,1,21.3,1.6,1.2,1.9,17.5,0.075117371
Guadalupe,Control Driver,7,6,-2,2,0,21.4,1.6,1.1,1.9,17.7,0.074766355
Hawkeye,Control Driver,7,5,-1,1,0,21.1,1.7,1.2,1.8,17.5,0.08056872
Huia,Control Driver,7,5,0,2,2,21.2,1.9,1.2,1.8,17.5,0.089622642
Hybrid,Control Driver,7,4,-0.5,3,2.5,21.2,2.2,1.3,1.7,17.8,0.103773585
Instinct,Control Driver,7,5,0,2,2,21.2,1.9,1.1,1.8,17.6,0.089622642
IT,Control Driver,7,6,-2,1,-1,21.2,1.6,1.2,1.8,17.5,0.075471698
JLS,Control Driver,7,5,-1,1,0,21,1.5,1.1,1.6,17.8,0.071428571
Kraken,Control Driver,7,5,-1,1,0,21.1,1.5,1.2,1.9,17.4,0.071090047
Leopard3,Control Driver,7,5,-2,1,-1,21.2,1.7,1.1,1.7,17.8,0.080188679
Maul,Control Driver,7,7,-2,1,-1,21.4,2,1.1,1.8,17.7,0.093457944
Maverick,Control Driver,7,4,-1.5,2,0.5,21.2,1.8,1.1,1.7,17.8,0.08490566
Mermaid,Control Driver,7,4,-1,2,1,21.3,1.8,1.2,1.9,17.5,0.084507042
Mockingbird,Control Driver,7,5,-2,1,-1,21,2,1.2,1.8,17.5,0.095238095
Night Trooper,Control Driver,7,6,-1,1,0,21,1.5,1.1,1.8,17.5,0.071428571
No1 Driver,Control Driver,7,4,-2,2,0,21.4,1.5,1.1,1.6,18.2,0.070093458
No1 Hyzer,Control Driver,7,3,0,4,4,21.7,1.8,1.3,1.8,18.1,0.082949309
No1 Roller,Control Driver,7,4,-1,0.5,-0.5,21.7,1.7,1.1,1.8,18.1,0.078341014
No1 Slice,Mid Range,7,4,-3,2,-1,22.6,1.8,1.2,1.4,19.8,0.079646018
No3 Flyer,Control Driver,7,4,-2,2,0,22.3,2,1.2,1.5,19.2,0.089686099
No4 Driver,Control Driver,7,4,-1,2,1,21.2,1.7,1.1,1.7,17.9,0.080188679
Notch,Control Driver,7,3,0,4.5,4.5,21,2,1.2,1.9,17.2,0.095238095
Patriot,Control Driver,7,5,-2,1,-1,21.2,1.8,1.1,1.8,17.6,0.08490566
Pegasus,Control Driver,7,4,-1,3,2,21.1,1.7,1.1,1.7,17.7,0.08056872
Phantom Warrior,Control Driver,7,5,0,2,2,21.3,2,1.2,1.8,17.8,0.093896714
Ptero,Control Driver,7,5,-1,1,0,21.2,1.7,1.1,1.8,17.6,0.080188679
Python,Control Driver,7,3,-1,2,1,21.7,1.7,1.1,1.9,17.9,0.078341014
Quantum Vela,Control Driver,7,4,-1.5,2,0.5,21.2,1.8,1.2,1.8,17.6,0.08490566
Rhythm,Control Driver,7,5.5,-2,1,-1,21.2,1.5,1.2,1.8,17.6,0.070754717
Rival,Control Driver,7,5,0,2,2,21.3,2,1.2,1.8,17.8,0.093896714
River,Control Driver,7,7,-1,1,0,21.5,1.9,1.2,1.8,17.8,0.088372093
Sabre,Control Driver,7,5,-1,1,-1,21.2,1.8,1.2,1.7,17.8,0.08490566
Seer,Control Driver,7,5,-2,1,-1,21.2,1.8,1.1,1.8,17.7,0.08490566
Shard,Control Driver,7,5,-1.5,1,-0.5,21.2,1.5,1.2,1.9,17.4,0.070754717
Shooting Star,Control Driver,7,5,-2,1,-1,21,1.8,1.2,1.8,17.4,0.085714286
Sirius Helio Vela,Control Driver,7,4,-0.5,3,2.5,21.2,1.8,1.2,1.8,17.6,0.08490566
Soda,Control Driver,7,5,-2,2,0,21.4,2,1.2,1.8,17.8,0.093457944
Spark,Control Driver,7,4,-0.5,3,2.5,21.2,1.5,1.1,1.9,17.4,0.070754717
Stalker,Control Driver,7,5,-1,2,1,21.6,1.6,1.2,1.6,18.4,0.074074074
Sting,Control Driver,7,5,-2,1,-1,21.4,1.8,1.2,1.6,18.2,0.08411215
Strike,Control Driver,7,5,0,1,1,21.3,1.8,1.2,1.8,17.7,0.084507042
Sycamore,Control Driver,7,5,0,1,1,21.2,2.2,1.3,1.7,17.8,0.103773585
TeeBird,Control Driver,7,5,0,2,2,21.2,1.5,1.1,1.7,17.8,0.070754717
TeeBird +,Control Driver,7,5,0,2,2,21.2,1.5,1.1,1.7,17.8,0.070754717
TL,Control Driver,7,5,-1,1,0,21.1,1.6,1.2,1.8,17.5,0.075829384
Trak,Control Driver,7,4,-1,2,1,21,1.7,1.2,1.9,17.2,0.080952381
Tyrant,Control Driver,7,3,0,2.5,2.5,21.2,1.4,1.1,1.8,17.6,0.066037736
Underworld,Control Driver,7,6,-3,1,-2,21.3,1.8,1.2,1.9,17.4,0.084507042
Valley,Control Driver,7,5,-1,1,0,21,1.9,1.1,1.8,17.4,0.09047619
Vamp,Control Driver,7,5,-2,1,-2,21,1.9,1.2,1.9,17.2,0.09047619
Veteran,Control Driver,7,4,0,3,3,21.1,1.8,1.2,1.8,17.5,0.085308057
View,Control Driver,7,6,-3.5,1,-2.5,21.1,2,1.2,1.7,17.6,0.09478673
Vortex,Control Driver,7,6,-3,1,-2,21.4,1.6,1.1,1.7,17.9,0.074766355
Votum,Control Driver,7,5,0,3,3,21.2,1.7,1.2,1.8,17.5,0.080188679
War Bear,Control Driver,7,5,-3,1,-2,21.2,1.8,1.1,1.7,17.9,0.08490566
White Raven,Control Driver,7,6,-3,1,-2,21.1,1.7,1.3,1.6,17.8,0.08056872
XL,Control Driver,7,4,-2,1,-1,21.1,2.1,1.2,1.7,17.7,0.099526066
XXX,Control Driver,7,3,0,4,4,21.5,1.5,1.1,2,17.5,0.069767442
Zhu,Control Driver,7,5,0,2,2,21.3,1.8,1.2,1.9,17.5,0.084507042
Abyss,Control Driver,8,4,0,3,3,21.1,1.6,1.1,2,17.1,0.075829384
Alpha,Control Driver,8,4,0,2,2,21.1,2.1,1.2,2,17.1,0.099526066
Amp,Control Driver,8,5,-1.5,1,-0.5,21,1.7,1.1,1.9,17.2,0.080952381
Aquarius,Distance Driver,8,5,-3,2,-1,21,1.9,1.2,2,17,0.09047619
Arch,Control Driver,8,5,0,2,2,21,1.9,1.1,1.8,17.4,0.09047619
Archangel,Control Driver,8,6,-4,1,-3,21.1,1.9,1.4,1.8,17.3,0.090047393
Ascent,Distance Driver,8,4,0,3,3,21.1,1.6,1.2,1.9,17.3,0.075829384
Banzai,Control Driver,8,4,0,3,3,21.4,1.7,1.2,1.9,17.5,0.079439252
Bear,Control Driver,8,6,-0.5,2.5,2,21.2,1.8,1.2,1.9,17.4,0.08490566
Binx,Control Driver,8,5,0,1,1,21.4,1.7,1.2,1.7,18,0.079439252
Blackout,Control Driver,8,5,-2,1,-1,21.2,1.9,1.2,1.9,17.4,0.089622642
Breakout,Control Driver,8,5,-1,1.5,0.5,21,1.6,1.1,1.9,17.2,0.076190476
Cipher,Control Driver,8,4,-1,2,1,21.6,1.8,1.2,1.8,17.9,0.083333333
Cosmic,Control Driver,8,6,0,2,2,21.2,2,1.2,1.9,17.5,0.094339623
Diamond,Control Driver,8,6,-3,1,-2,21.1,1.4,1.1,1.8,17.4,0.066350711
Dos X,Control Driver,8,4,-1,2,1,21.3,1.9,1.2,2,17.3,0.089201878
Dragon,Control Driver,8,5,-2,2,0,21,1.9,1.2,1.8,17.4,0.09047619
Essence,Control Driver,8,6,-2,1,-1,21,1.8,1.2,1.8,17.4,0.085714286
Falchion,Control Driver,8,5,-1,2,1,21.1,1.6,1.1,1.9,17.3,0.075829384
Firehawk,Control Driver,8,5,-2,1,-1,21.3,1.9,1.2,1.8,17.7,0.089201878
Gou,Control Driver,8,5,-3.5,1,-2.5,21.3,1.8,1.2,1.9,17.4,0.084507042
Jackalope,Control Driver,8,5,-2,1,-1,21.2,1.5,1.1,1.9,17.3,0.070754717
Lotus,Control Driver,8,5,-1,2,1,21.4,1.6,1.3,1.9,17.6,0.074766355
Mantis,Control Driver,8,4,-2,2,0,21.2,1.9,1.1,1.9,17.4,0.089622642
Minotaur,Control Driver,8,3,0,3,3,21.6,2,1.2,1.9,17.8,0.092592593
Nice,Control Driver,8,7,-2,2,0,21.4,1.7,1.1,1.8,17.8,0.079439252
No1 Flyer,Control Driver,8,5,-2,2,0,21.4,1.5,1.1,1.6,18.2,0.070093458
No1 Helix,Control Driver,8,4,-1,3,2,21.5,1.6,1.3,1.6,18.3,0.074418605
No2 Driver,Control Driver,8,5,-2,2,0,21.4,2,1.2,1.6,18.2,0.093457944
No2 Flyer,Control Driver,8,5,-1,2,1,22.4,1.8,1.2,1.5,19.4,0.080357143
No2 Helix,Control Driver,8,5,-1,3,2,21.2,1.7,1.4,1.7,17.8,0.080188679
Onyx,Control Driver,8,6,-3,1,-2,21,1.8,1.1,1.8,17.3,0.085714286
Passion,Control Driver,8,5,-1,1,0,21.6,1.6,1.2,1.7,18.3,0.074074074
Phenom,Control Driver,8,5,-1,2,1,21.2,1.7,1.2,1.8,17.7,0.080188679
Pipeline,Control Driver,8,5,0,2,2,21.4,1.5,1.1,1.8,17.8,0.070093458
Reaper,Control Driver,8,3,0,4,4,21.4,1.5,1.2,1.8,17.8,0.070093458
Respecti,Control Driver,8,4,0,2,2,21,1.8,1.3,1.9,17.2,0.085714286
Rockstar,Control Driver,8,5,-2,1,-1,21.3,1.7,1.2,1.9,17.6,0.079812207
Ronin,Control Driver,8,4.5,0,2,2,21.3,1.9,1.2,1.9,17.4,0.089201878
Saint Pro,Control Driver,8,5,-0.5,2,1.5,21.2,2,1.2,1.8,17.5,0.094339623
Shock,Control Driver,8,5,0,2.5,2.5,21.1,1.6,1.1,1.9,17.2,0.075829384
Stag,Control Driver,8,6,-1,2,1,21.2,1.8,1.2,1.9,17.4,0.08490566
Stork,Control Driver,8,5,0,1,1,21.3,1.7,1.2,1.9,17.5,0.079812207
Striker,Control Driver,8,5,0,2,2,21.4,1.6,1.2,1.9,17.6,0.074766355
Talon,Control Driver,8,3,1,3,4,21,1.5,1.1,1.8,17.5,0.071428571
TeeBird3,Control Driver,8,4,0,2,2,21.2,1.7,1.1,1.8,17.5,0.080188679
Terra,Control Driver,8,5,0,3,3,21.2,1.8,1.2,1.9,17.4,0.08490566
The Count,Control Driver,8,4,-1,2,1,21.5,1.7,1.1,1.4,18.7,0.079069767
The Dome,Control Driver,8,6,-3,1,-2,21.1,1.8,1.1,1.9,17.2,0.085308057
Thief,Control Driver,8,5,-1.5,2,0.5,21.2,1.8,1.1,1.9,17.3,0.08490566
Tiyanak,Control Driver,8,5,-5,1,-4,21.2,2,1.2,2,17.3,0.094339623
TL3,Control Driver,8,4,-1,1,0,21.2,1.7,1.1,1.8,17.6,0.080188679
Tracker,Control Driver,8,5,-1,3,2,21.2,1.7,1.2,1.8,17.7,0.080188679
Trance,Control Driver,8,5,-2,1,-1,21,1.8,1.2,1.9,17.1,0.085714286
Vein,Control Driver,8,4,0,2,2,21.3,1.9,1.3,1.8,17.4,0.089201878
Vigil,Control Driver,8,6,-2,2,0,21.7,1.5,1.1,1.9,17.9,0.069124424
Vision,Control Driver,8,6,-1,2,1,21.1,1.9,1.1,1.8,17.4,0.090047393
Volt,Control Driver,8,5,-0.5,2,1.5,21.1,1.6,1.1,2,17.1,0.075829384
Witness,Control Driver,8,6,-3,1,-2,21.1,1.8,1.1,1.9,17.3,0.085308057
Xpress,Control Driver,8,5,-3,1,-2,21.1,1.8,1.2,1.7,17.6,0.085308057
XS,Control Driver,8,5,0,3,3,21.1,1.8,1.2,1.8,17.6,0.085308057
Chameleon,Control Driver,8.5,5,-1,2,1,21.2,1.8,1.1,2,17.1,0.08490566
Ahti,Control Driver,9,3,0,4,4,21.2,1.7,1.1,2,17.2,0.080188679
Assassin,Control Driver,9,6,-1,1,0,21,1.9,1.1,1.9,17.1,0.09047619
Bandit,Control Driver,9,5,-2,1,-1,21.3,1.5,1.1,2,17.3,0.070422535
Bi,Control Driver,9,5,-1,2,1,21.2,1.7,1.2,1.9,17.3,0.080188679
Blade,Control Driver,9,5,0,3,3,21.3,1.5,1.1,2,17.3,0.070422535
Bryce,Control Driver,9,6,-2,2,0,21.2,1.7,1.1,2,17.2,0.080188679
Buffalo,Distance Driver,9,4,-1,5,4,21,1.6,1.2,2,17,0.076190476
Captain Raptor,Distance Driver,9,3,1,4,5,21.2,1.6,1.2,1.9,17.4,0.075471698
CD1,Control Driver,9,5,-1,2,1,21.2,1.7,1.1,1.9,17.3,0.080188679
CD2,Control Driver,9,5,-1,2,1,21.1,1.9,1.1,1.9,17.2,0.090047393
Chromium,Control Driver,9,5,-1,1,0,21.1,2,1.2,2,17.2,0.09478673
Chupacabra,Control Driver,9,3,0,4,4,21.2,1.6,1.2,2,17.2,0.075471698
Cinnamon,Control Driver,9,5,-1,2,1,21.1,1.6,1.2,2,17.1,0.075829384
Coalesce,Control Driver,9,5,0,3,3,21.2,1.9,1.2,1.9,17.4,0.089622642
Convict,Control Driver,9,4,-0.5,3,2.5,21.2,1.4,1.1,2,17.2,0.066037736
Culverin,Control Driver,9,5,-0.5,3,2.5,21.2,2,1.1,2,17,0.094339623
Diablo,Distance Driver,9,5,0,2,2,21.2,1.7,1.2,2,17.1,0.080188679
Diamondback,Control Driver,9,5,-2,2,0,21.3,1.6,1.1,2.1,17.1,0.075117371
Draco,Control Driver,9,3,0,4,4,21.2,1.4,1.2,1.9,17.3,0.066037736
Drifter,Control Driver,9,4,-1,2,1,21.1,1.7,1.2,1.9,17.3,0.08056872
Dynasty,Control Driver,9,5,-1,2,1,21.1,1.4,1.1,1.9,17.3,0.066350711
Enemy,Control Driver,9,3,0,4,4,21.1,1.9,1.2,1.9,17.2,0.090047393
Escape,Control Driver,9,5,-1,2,1,21.1,2,1.1,2,17.1,0.09478673
Falk,Control Driver,9,6,-2,1,-1,21.1,1.8,1.1,1.9,17.2,0.085308057
FD3,Control Driver,9,4,0,3,3,21.3,1.7,1.1,2,17.3,0.079812207
Felon,Control Driver,9,3,0.5,4,4.5,21.2,1.8,1.1,2,17.2,0.08490566
Fireball,Distance Driver,9,3.5,0,3.5,3.5,21.1,1.4,1.1,2,17.1,0.066350711
Firebird,Control Driver,9,3,0,4,4,21.1,1.4,1.2,1.9,17.3,0.066350711
FL,Control Driver,9,3,0,2,2,21.1,1.7,1.2,1.9,17.3,0.08056872
Flare,Distance Driver,9,4,0,3.5,3.5,21.2,1.8,1.2,2,17.2,0.08490566
Flipperi,Control Driver,9,3,-3,0,-3,21.2,1.7,1.2,2,17.2,0.080188679
Fury,Control Driver,9,6,-2,2,0,21.2,1.8,1.1,1.9,17.4,0.08490566
FX-2,Control Driver,9,4,-1,3,2,21.1,1.6,1.2,2,17.1,0.075829384
FX-3,Control Driver,9,4,-1.5,2,0.5,21.2,1.8,1.2,1.9,17.3,0.08490566
FX-4,Control Driver,9,5,-2,1,-1,21.2,1.8,1.2,2,17.3,0.08490566
Getaway,Control Driver,9,5,-0.5,3,2.5,21.1,1.8,1.1,2,17.1,0.085308057
Ginger,Control Driver,9,4,0,2,2,21.4,1.7,1.3,1.9,17.6,0.079439252
Grunt,Control Driver,9,5,-1,2,1,21,1.7,1.2,2,17,0.080952381
H2,Control Driver,9,5,0,2,2,21.3,1.7,1.2,1.9,17.5,0.079812207
H3,Control Driver,9,4,0,2,2,21.3,1.7,1.2,2,17.3,0.079812207
H4,Control Driver,9,5,-2,1.5,-0.5,21.3,1.8,1.2,1.9,17.4,0.084507042
H5,Control Driver,9,5,-3,1,-2,21.3,1.7,1.2,2,17.4,0.079812207
H7,Control Driver,9,5,-4,1,-3,21.1,2,1.1,1.9,17.2,0.09478673
Hatchet,Control Driver,9,6,-2,1,-1,21.3,2,1.2,1.9,17.6,0.093896714
Haymaker,Control Driver,9,4,0,4,4,21.2,1.8,1.2,2,17.2,0.08490566
Heat,Control Driver,9,6,-3,1,-2,21.1,2.1,1.2,1.9,17.2,0.099526066
Honor,Control Driver,9,5,0,2.5,2.5,21.2,1.8,1.1,1.9,17.4,0.08490566
Hu,Control Driver,9,5,-2,2,0,21.2,1.8,1.1,1.9,17.4,0.08490566
Hyena,Control Driver,9,5,-2,2,0,21.3,1.7,1.1,1.9,17.5,0.079812207
Impulse,Distance Driver,9,5,-3,1,-2,21,1.4,1.2,2,17,0.066666667
Inertia,Distance Driver,9,5,-2,2,0,21.1,1.4,1.2,2,17.1,0.066350711
Insanity,Control Driver,9,5,-2,1.5,-0.5,21.1,1.4,1.1,2,17,0.066350711
Jade,Control Driver,9,6,-2,1,-1,21,1.8,1.1,1.9,17.3,0.085714286
Komodo,Control Driver,9,3,0,3,3,21.2,2,1.1,2,17.2,0.094339623
Lariat,Control Driver,9,5,-1,1,0,21.1,1.7,1.1,2,17.1,0.08056872
Lift,Distance Driver,9,5,-2,1.5,-0.5,21.2,1.7,1.2,2,17.2,0.080188679
Locust,Distance Driver,9,4,-1,3,2,21.2,1.6,1.1,2,17.2,0.075471698
Longbowman,Control Driver,9,4,0,3,3,21.3,1.6,1.1,1.8,17.7,0.075117371
Lots,Control Driver,9,5,-1,2,1,21.1,1.5,1.1,1.9,17.3,0.071090047
Mad Cat,Control Driver,9,5,0,2,2,21.2,1.8,1.2,1.9,17.4,0.08490566
Mammoth,Control Driver,9,4,-1,5,4,21.1,1.7,1.2,2,17.1,0.08056872
Mantra,Control Driver,9,6,-2,1,-1,21.2,1.7,1.2,2,17.1,0.080188679
Marksman,Control Driver,9,4,-1,2,1,21.1,1.6,1.2,1.9,17.2,0.075829384
Mongoose,Control Driver,9,5,-3,1,-2,21.3,1.5,1.1,2,17.3,0.070422535
Motion,Distance Driver,9,3.5,0,4,4,21,1.4,1.2,2,17,0.066666667
MX1,Control Driver,9,4,-2,3,1,21.3,1.7,1.1,2.1,17.1,0.079812207
Obsidian Tremor,Distance Driver,9,4,0,3.5,3.5,21.2,1.6,1.2,2,17.2,0.075471698
Ogopogo,Control Driver,9,4,-2,5,3,21.1,1.5,1.2,2,17.1,0.071090047
Omen,Control Driver,9,4,0,4,4,21.2,1.7,1.2,2,17.2,0.080188679
Orion LF,Control Driver,9,5,-1,2,1,21.1,1.5,1.2,1.9,17.4,0.071090047
Orion LS,Control Driver,9,4,-1,1,0,21.1,1.4,1.2,1.9,17.3,0.066350711
Pekapeka,Control Driver,9,5,-3,1,-2,21.2,1.5,1.1,2,17.2,0.070754717
Phoenix,Control Driver,9,3,0,4,4,21.2,1.7,1.2,2,17.2,0.080188679
Pioneer,Control Driver,9,3,0,4,4,21.2,1.5,1.2,1.9,17.3,0.070754717
Polaris LF,Distance Driver,9,5,-2,2.5,0.5,21.1,1.9,1.1,1.6,17.9,0.090047393
Predator,Control Driver,9,4,1,4,5,21.2,1.9,1.1,1.9,17.4,0.089622642
Pretty Fly,Control Driver,9,6,-1,2,1,21.3,1.6,1.2,1.9,17.6,0.075117371
Primitus,Control Driver,9,5,0,2,2,21,2.3,1.2,2,17,0.10952381
Raptor,Control Driver,9,4,0,3,3,21.3,1.9,1.1,1.9,17.4,0.089201878
Riptide,Distance Driver,9,4,0,3,3,21.4,1.7,1.2,2,17.4,0.079439252
Roadrunner,Control Driver,9,5,-4,1,-3,21.1,1.4,1.2,1.8,17.5,0.066350711
Rocket,Control Driver,9,4,0,3,3,21.2,1.7,1.3,1.9,17.3,0.080188679
Sabertooth,Control Driver,9,4,0,5,5,21,1.8,1.2,2,17,0.085714286
Saint,Control Driver,9,7,-1,2,1,21.2,1.9,1.2,1.9,17.4,0.089622642
Savant,Control Driver,9,5,-1,2,1,21.1,1.6,1.1,1.9,17.2,0.075829384
Scepter,Control Driver,9,4,0,4,4,21.2,1.4,1.1,1.9,17.3,0.066037736
Shadowfax,Control Driver,9,5,-2,1.5,-0.5,21.1,1.8,1.1,2,17.2,0.085308057
Sidewinder,Control Driver,9,5,-3,1,-2,21.1,1.4,1.2,1.8,17.5,0.066350711
Spartan,Control Driver,9,6,-2,1,-1,21.2,1.6,1.2,2.1,17,0.075471698
Spear,Control Driver,9,6,-2,1,-1,21.2,1.4,1.1,2,17.3,0.066037736
Sphinx,Control Driver,9,6,-3,1,-2,21.1,1.6,1.1,1.9,17.3,0.075829384
Splice,Control Driver,9,3,0,4,4,21.2,1.5,1.1,1.9,17.3,0.070754717
SPZ3,Distance Driver,9,6,-2,2,0,21.1,1.8,1.2,1.9,17.3,0.085308057
Stal,Control Driver,9,4,0,3,3,21.1,1.8,1.1,1.9,17.3,0.085308057
Stratosphere,Control Driver,9,4,-2,1,-1,21.2,1.9,1.3,1.9,17.4,0.089622642
Supreme Escape,Control Driver,9,5,-1,2,1,21.1,1.7,1.1,2,17.2,0.08056872
Suture,Control Driver,9,5,-2,1,-1,21.2,1.8,1.1,1.9,17.4,0.08490566
Swift,Control Driver,9,5,-3,1,-2,21,1.6,1.1,1.9,17.1,0.076190476
Swift Fox,Control Driver,9,5,-3,1,-2,21.1,1.7,1.2,1.8,17.6,0.08056872
Tasmanian Devil,Control Driver,9,4,0,2.5,2.5,21.2,1.8,1.1,2,17.3,0.08490566
Tasmanian Devil V2,Control Driver,9,4,0,4,4,21.2,1.8,1.1,2,17.2,0.08490566
TDx,Distance Driver,9,5,-3,1,-2,21.1,1.5,1.2,2,17.2,0.071090047
Tesla,Distance Driver,9,5,-1,2,1,21,1.4,1.2,2,17,0.066666667
Thread,Control Driver,9,5,-1,1,0,21.1,1.5,1.1,2,17.1,0.071090047
Thunderbird,Control Driver,9,5,0,2,2,21.2,1.6,1.1,1.9,17.3,0.075471698
Tilt,Control Driver,9,1,1,6,7,21.1,1.6,1.2,2,17.1,0.075829384
Timberwolf,Control Driver,9,6,-1,0,-1,21.1,1.6,1.2,1.8,17.5,0.075829384
Traveler,Distance Driver,9,4,0,2,2,21.1,1.7,1.2,1.9,17.3,0.08056872
Tsunami,Distance Driver,9,3,0,4,4,21.4,1.9,1.2,1.9,17.5,0.088785047
Undertaker,Control Driver,9,5,-1,2,1,21.1,1.8,1.1,1.9,17.5,0.085308057
Valkyrie,Control Driver,9,4,-2,2,0,21.1,1.4,1.2,1.9,17.3,0.066350711
Vandal,Control Driver,9,5,-1.5,2,0.5,21.2,1.7,1.1,1.9,17.4,0.080188679
Velociraptor,Control Driver,9,4,0,2.5,2.5,21,2,1.6,2,17,0.095238095
Viking,Control Driver,9,4,-1,2,1,21.2,1.4,1.1,1.9,17.4,0.066037736
Virus,Distance Driver,9,5,-3.5,1,-2.5,21.2,1.4,1.1,2,17,0.066037736
Wolverine,Control Driver,9,5,-2,2,0,21.2,1.8,1.2,1.8,17.5,0.08490566
Wrath,Control Driver,9,4.5,-0.5,2,1.5,21.1,1.4,1.1,2,17,0.066350711
Xenon,Control Driver,9,3,0,4,4,21.1,1.5,1.2,2,17.1,0.071090047
Zion,Control Driver,9,4,-0.5,3,2.5,21.2,1.7,1.1,2,17.2,0.080188679
Anax,Control Driver,10,6,0,3,3,21.4,1.7,1.2,1.9,17.5,0.079439252
Apache,Control Driver,10,6,0,2,2,21.3,1.8,1.2,1.9,17.4,0.084507042
Avenger,Distance Driver,10,5,0,3,3,21.2,1.7,1.2,1.9,17.4,0.080188679
Avenger SS,Distance Driver,10,5,-3,1,-2,21.4,1.8,1.2,1.9,17.6,0.08411215
Aztec,Distance Driver,10,5,-1,2,1,21.2,1.5,1.1,2.1,16.9,0.070754717
Beast,Distance Driver,10,5,-2,2,0,21.2,1.4,1.1,2,17.1,0.066037736
Berserker,Distance Driver,10,5,-3,2,-1,21.2,1.7,1.2,2.1,17,0.080188679
CD,Distance Driver,10,5,-1,2,1,21.2,1.3,1.1,1.9,17.3,0.061320755
Cervini,Control Driver,10,6,-3,1,-2,21.3,1.5,1.1,2,17.3,0.070422535
Construct,Distance Driver,10,6,-1,2,1,21.3,1.6,1.2,2,17.2,0.075117371
Criminal,Distance Driver,10,3,1,4,5,21.2,1.5,1.2,2.1,16.9,0.070754717
Dystopia,Distance Driver,10,5,-2,2,0,21.4,1.7,1.2,2.1,17.2,0.079439252
Era,Control Driver,10,5,-1,2,1,21.2,1.6,1.2,2,17.3,0.075471698
F Model OS,Control Driver,10,5,2,4,6,21.3,1.6,1.1,2.1,17.1,0.075117371
F Model S,Control Driver,10,5,1,3,4,21.3,1.4,1.1,2,17.2,0.0657277
F Model US,Control Driver,10,5,-2,1,-1,21.3,1.5,1.1,2.1,17.2,0.070422535
Fenrir,Distance Driver,10,4,0,3,3,21.3,1.8,1.1,2,17.3,0.084507042
Fighter,Control Driver,10,3,0,4,4,21.2,1.7,1.2,2,17.1,0.080188679
Flash,Distance Driver,10,5,-2,3,1,21.1,1.6,1.2,2.1,17,0.075829384
Fortress,Distance Driver,10,4,0,3,3,21.2,1.5,1.1,2,17.2,0.070754717
Freetail,Distance Driver,10,5,-4,1,-3,21.1,1.7,1.2,2,17.1,0.08056872
H1,Control Driver,10,3,0,3.5,3.5,21.3,1.8,1.2,1.9,17.4,0.084507042
H4 V2,Control Driver,10,5,-2,1.5,-0.5,21.3,1.5,1.2,2,17.4,0.070422535
Hellfire,Control Driver,10,3,0,5,5,21.1,1.6,1.2,2.2,16.7,0.075829384
Invictus,Distance Driver,10,4,0,3,3,21.2,1.5,1.2,2.1,16.9,0.070754717
Kiwi,Distance Driver,10,4,0,3,3,21.1,1.9,1.2,2.2,16.7,0.090047393
Laseri,Control Driver,10,4,-1,1,0,21.1,1.6,1.1,1.9,17.2,0.075829384
Long,Distance Driver,10,5,-1,2,1,21.3,1.6,1.2,2.1,17.1,0.075117371
Lucky 13,Distance Driver,10,5,-3,2,-1,21.1,1.5,1.1,2.1,16.9,0.071090047
Monarch,Distance Driver,10,5,-4,1,-3,21.1,1.6,1.2,2.1,17,0.075829384
Monster,Distance Driver,10,3,0,5,5,21.2,1.4,1.2,2,17.2,0.066037736
Musket,Distance Driver,10,5,-0.5,2,1.5,21.2,1.8,1.1,2,17.1,0.08490566
Nemesis,Distance Driver,10,6,-4,2,-2,21.3,1.5,1.1,2,17.3,0.070422535
Nightjar,Distance Driver,10,5,-0.5,2.5,2,21.3,1.7,1.3,2.1,17.1,0.079812207
Ninja,Distance Driver,10,6,-1,2,1,21.2,1.9,1.2,2,17.2,0.089622642
Northman,Distance Driver,10,5,-1,2,1,21.5,1.7,1.1,2,17.5,0.079069767
Orc,Distance Driver,10,4,-1,3,2,21.2,1.9,1.2,2,17.2,0.089622642
PD,Distance Driver,10,4,0,3,3,21.2,1.5,1.2,1.9,17.3,0.070754717
Power Disc Phantom Sword,Distance Driver,10,4,0,3,3,21.2,1.5,1.2,1.9,17.3,0.070754717
Rage,Distance Driver,10,5,-0.5,3.5,3,21.5,1.7,1.1,2.2,17.1,0.079069767
Roman,Distance Driver,10,4,0,3,3,21.2,1.5,1.2,1.9,17.3,0.070754717
Rong,Distance Driver,10,5,-3,1,-2,21.2,1.5,1.1,2.3,16.5,0.070754717
Rumble,Distance Driver,10,5,-1,2,1,21.2,1.7,1.2,2,17.1,0.080188679
Sampo,Distance Driver,10,4,-1,2,1,21.2,1.9,1.2,2.1,17,0.089622642
Sapphire,Distance Driver,10,6,-2,1.5,-0.5,21,1.7,1.2,2,17,0.080952381
SL,Distance Driver,10,5,-1,2,1,21.1,1.7,1.1,2,17.1,0.08056872
Sleipner,Distance Driver,10,4,-1,2,1,21.2,1.5,1.1,2.1,17,0.070754717
Spice,Distance Driver,10,4,0,4,4,21.1,2,1.2,2,17.2,0.09478673
Starfire,Distance Driver,10,4,0,3,3,21.2,1.4,1.1,2,17.2,0.066037736
Taniwha,Control Driver,10,5,-2,2,0,21.1,1.4,1.2,2,17.1,0.066350711
Tara Iti,Distance Driver,10,5,0,2,2,21.2,1.5,1.2,2.1,17,0.070754717
TD,Distance Driver,10,5,-2,1,-1,21.2,1.6,1.1,1.9,17.3,0.075471698
TD2,Distance Driver,10,5,-4,1,-3,21.1,1.6,1.1,2.1,16.9,0.075829384
Titan,Distance Driver,10,4,0,3,3,21.2,1.6,1.2,1.9,17.3,0.075471698
Tumbleweed,Distance Driver,10,6,-4,1,-3,21.3,1.7,1.1,2.2,16.8,0.079812207
Undertow,Distance Driver,10,4,-1,1,0,21.5,1.6,1.2,2.1,17.3,0.074418605
Vengeance,Distance Driver,10,5,0,2,2,21.2,1.7,1.2,2,17.2,0.080188679
Vulture,Control Driver,10,5,0,2,2,21.4,1.6,1.2,1.8,17.8,0.074766355
Wei,Distance Driver,10,5,-2.5,1.5,-1,21.1,1.7,1.1,2,17.1,0.08056872
Zion Driver,Distance Driver,10,4,-1,2,1,21.4,1.7,1.1,2.1,17.2,0.079439252
Animus,Distance Driver,10.5,4.5,-0.5,2.5,2,21.2,1.6,1.2,2.1,17,0.075471698
Goliath,Distance Driver,10.5,4.5,-1,2.5,1.5,21.2,1.6,1.2,2.1,17,0.075471698
Archon,Distance Driver,11,5,-2,2,0,21.1,1.7,1.2,2.3,16.6,0.08056872
Aries,Distance Driver,11,6,-4,2,-2,21.1,1.6,1.1,2.1,16.9,0.075829384
Astra,Distance Driver,11,5,-1,2,1,21.1,1.5,1.2,2.2,16.7,0.071090047
Astra-X,Distance Driver,11,5,0,4,4,21.1,1.5,1.2,2.2,16.7,0.071090047
Boatman,Distance Driver,11,5,0,2,2,21.4,1.9,1.3,2.2,17,0.088785047
CD3,Distance Driver,11,5,-1,2,1,21.1,2,1.2,2.1,16.9,0.09478673
Cedar,Distance Driver,11,5,0,3,3,21.5,1.7,1.1,2.2,17.1,0.079069767
Crush,Distance Driver,11,5,0,4,4,21.1,1.7,1.2,2.1,17,0.08056872
Curl,Distance Driver,11,6,-1,3,2,21.2,1.8,1.1,2.2,16.8,0.08490566
Czar,Distance Driver,11,5,-1,3,2,21.1,1.7,1.2,2.2,16.7,0.08056872
DD,Distance Driver,11,5,0,2,2,21.1,1.6,1.2,2.2,16.7,0.075829384
DD1,Distance Driver,11,5,-1,2,1,21.2,1.5,1.1,2.2,16.8,0.070754717
Defy,Distance Driver,11,5,-1,3,2,21.1,1.5,1.1,2.2,16.7,0.071090047
Expedition,Distance Driver,11,5,-2,1,-1,21,1.7,1.2,2.1,16.7,0.080952381
Flow,Distance Driver,11,6,-0.5,2,1.5,21.1,1.8,1.2,2.2,16.8,0.085308057
Grace,Distance Driver,11,6,-1,2,1,21.1,1.6,1.1,2.2,16.6,0.075829384
H1 V2,Control Driver,11,4,0,3,3,21.4,1.6,1.2,2,17.4,0.074766355
H2 V2,Control Driver,11,5,0,2.5,2.5,21.4,1.6,1.2,2,17.4,0.074766355
H3 V2,Control Driver,11,5,-1,2,1,21.3,1.8,1.2,2,17.3,0.084507042
Jet,Distance Driver,11,5,-3,2,-1,21.2,1.5,1.1,2.2,16.8,0.070754717
Jun,Distance Driver,11,5,-1,2,1,21.1,2,1.2,2.1,16.8,0.09478673
Krait,Distance Driver,11,5,-1,2,1,21.2,2.3,1.2,2.3,16.6,0.108490566
Longhorn,Distance Driver,11,4,-1,3,2,21.3,1.5,1.2,2.1,17,0.070422535
Machete,Distance Driver,11,4,0,4,4,21.1,1.6,1.1,2.1,16.8,0.075829384
Maelstrom,Distance Driver,11,5,-1,3,2,21.4,1.7,1.1,2.2,17.1,0.079439252
Mamba,Distance Driver,11,6,-5,1,-4,21.1,1.7,1.1,2.1,16.9,0.08056872
Max,Distance Driver,11,3,0,5,5,21.2,1.9,1.2,2.2,16.8,0.089622642
Medusa,Distance Driver,11,5,-2,2,0,21.2,1.5,1.1,2.1,17,0.070754717
Mentor,Distance Driver,11,5,-2,2,0,21.2,1.8,1.2,2.1,17.9,0.08490566
Meteorite,Distance Driver,11,3,-0.5,2,1.5,21.1,1.8,1.1,2.1,16.8,0.085308057
Mystere,Distance Driver,11,6,-2,2,0,21.1,1.6,1.1,2.1,16.9,0.075829384
Napalm,Distance Driver,11,5,-2,2,0,21.1,2,1.2,2.1,16.8,0.09478673
Nimitz,Distance Driver,11,5,-1,3,2,21.2,1.7,1.1,2.2,16.9,0.080188679
Obsidian Rift,Distance Driver,11,5,-3,1,-2,21.2,1.5,1.2,2.1,17,0.070754717
Orbital,Distance Driver,11,5,-4.5,1,-3.5,21.1,1.4,1.1,2.2,16.7,0.066350711
PD3,Distance Driver,11,3,0,5,5,21,1.7,1.2,2.2,16.6,0.080952381
PDx,Distance Driver,11,4,0,3,3,21.1,1.9,1.2,2.1,16.9,0.090047393
Pepper,Distance Driver,11,5,0,4,4,21.4,1.8,1.2,2.2,17.1,0.08411215
Phase,Distance Driver,11,3.5,0,4,4,21.1,1.4,1.1,2.2,16.7,0.066350711
Photon,Distance Driver,11,5,-1,2.5,1.5,21.1,1.4,1.1,2.2,16.6,0.066350711
Pulse,Distance Driver,11,4,0,3,3,21.2,1.7,1.3,2.1,17.1,0.080188679
Ragnarok,Distance Driver,11,5,-1,2,1,21.2,2.1,1.1,2.1,16.9,0.099056604
Renegade,Distance Driver,11,5,-1.5,2.5,1,21.2,1.7,1.1,2.1,17,0.080188679
Riot,Distance Driver,11,4,-1,2,1,21.2,1.9,1.2,2.2,16.8,0.089622642
Rogue,Distance Driver,11,4,-1,1,0,21.1,1.7,1.2,2.2,16.8,0.08056872
Sabot,Distance Driver,11,4,0,4,4,21.1,1.7,1.2,2.2,16.7,0.08056872
Sail,Distance Driver,11,5,-5,1,-4,21,1.9,1.1,1.9,17.2,0.09047619
Scorch,Distance Driver,11,6,-2,2,0,21.1,1.8,1.1,2.2,16.8,0.085308057
Sergeant,Distance Driver,11,4,0,2.5,2.5,21.2,1.5,1.2,2.1,17,0.070754717
Short Slacker,Distance Driver,11,5,-1,2,1,21,1.4,1.2,2.1,16.8,0.066666667
Squid,Distance Driver,11,5,-1,2,1,21.2,2,1.1,1.9,17.5,0.094339623
Surge,Distance Driver,11,5,-1,3,2,21.1,1.6,1.2,2,17.1,0.075829384
Surge SS,Distance Driver,11,5,-2,2,0,21.1,1.6,1.2,2.1,16.8,0.075829384
TeeRex,Distance Driver,11,4,0,4,4,21.1,1.7,1.2,2.2,16.8,0.08056872
Thrill,Distance Driver,11,4,0,3.5,3.5,21.1,1.5,1.1,2.2,16.7,0.071090047
Trace,Distance Driver,11,5,-1,2,1,21.2,1.7,1.2,2.2,16.8,0.080188679
Vanish,Distance Driver,11,5,-3,2,-1,21.1,1.5,1.1,2.2,16.6,0.071090047
Vibe,Distance Driver,11,5,-2,2,0,21.1,1.9,1.1,2.2,16.8,0.090047393
Wave,Distance Driver,11,5,-2,2,0,21.1,1.4,1.1,2.2,16.6,0.066350711
Wildcat,Distance Driver,11,5,-2,3,1,21.3,1.5,1.2,1.9,17.5,0.070422535
Wraith,Distance Driver,11,5,-1,3,2,21.1,1.4,1.2,2.1,16.9,0.066350711
Zenith,Distance Driver,11,5,-0.5,2,1.5,21.2,1.7,1.1,2.2,16.8,0.080188679
Apex,Distance Driver,11.5,6,-1,2,1,21.5,1.9,1.1,2.3,17.1,0.088372093
Flame Thrower,Distance Driver,11.5,6,-2,2,0,21.6,1.7,1.2,2.2,17.2,0.078703704
Journey,Distance Driver,11.5,6,-2,1,-1,21.2,1.9,1.1,2.2,16.9,0.089622642
Astronaut,Distance Driver,12,6,-4,1,-3,21.2,1.8,1.1,2.3,16.6,0.08490566
Backdraft,Distance Driver,12,5,-1,2,1,21.3,2,1.3,2.4,16.4,0.093896714
Basilisk,Distance Driver,12,5,-4,1,-3,21,2,1.2,2.3,16.3,0.095238095
Behemoth,Distance Driver,12,4.5,-1,3,2,21.2,1.8,1.2,2.3,16.6,0.08490566
Berzerker,Distance Driver,12,4,0,3,3,21.4,1.6,1.1,2.2,17,0.074766355
Blitz,Distance Driver,12,3,0,4,4,21.2,1.6,1.2,2.2,16.8,0.075471698
Caldera,Distance Driver,12,5,-1,2,1,21.2,1.7,1.2,2.3,16.7,0.080188679
Charger,Distance Driver,12,6,-1,2,1,21.1,1.6,1.2,2.3,16.4,0.075829384
Cloudbreaker,Distance Driver,12,5,-1,3,2,21.1,1.8,1.2,2.3,16.5,0.085308057
Cypress,Distance Driver,12,5,-2,2,0,21.2,1.5,1.1,2.2,16.7,0.070754717
D1,Distance Driver,12,5,0,3,3,21,1.9,1.2,2.3,16.3,0.09047619
D1 Max,Distance Driver,12,5,0,3,3,21,1.6,1.2,2.3,16.3,0.076190476
D2,Distance Driver,12,6,-1,3,2,21,1.9,1.2,2.3,16.3,0.09047619
D2 Max,Distance Driver,12,6,-1,3,2,21.1,1.9,1.2,2.4,16.3,0.090047393
D2 Pro,Distance Driver,12,5,-1,3,2,21,1.5,1.1,2.4,16.3,0.071428571
D3,Distance Driver,12,6,-2,2,0,21,1.7,1.2,2.3,16.3,0.080952381
D3 Max,Distance Driver,12,6,-3,1.5,-1.5,21.1,1.8,1.2,2.4,16.3,0.085308057
D4,Distance Driver,12,6,-3,2,-1,21,1.9,1.2,2.3,16.3,0.09047619
D4 Max,Distance Driver,12,6,-4,1,-3,21,1.9,1.2,2.4,16.3,0.09047619
D5,Distance Driver,12,6,-4,2,-2,21.1,1.6,1.2,2.4,16.3,0.075829384
D6,Distance Driver,12,6,-4,1,-3,21,1.6,1.2,2.4,16.2,0.076190476
DD3,Distance Driver,12,5,-1,3,2,21.1,1.9,1.1,2.3,16.5,0.090047393
DDx,Distance Driver,12,6,-1,2,1,21.1,1.7,1.1,2.3,16.5,0.08056872
Destroyer,Distance Driver,12,5,-1,3,2,21.1,1.4,1.2,2.2,16.7,0.066350711
Elder,Distance Driver,12,6,-2,2,0,21.1,1.8,1.2,2.3,16.5,0.085308057
Emperor,Distance Driver,12,5,-1,2.5,1.5,21.1,1.7,1.2,2.3,16.4,0.08056872
Enforcer,Distance Driver,12,4,0.5,4,4.5,21.1,1.8,1.1,2.2,16.7,0.085308057
Enigma,Distance Driver,12,5,-1,2,1,21.1,1.6,1.1,2.2,16.6,0.075829384
Flick,Distance Driver,12,3,1,5,6,21.1,1.3,1.1,2.1,16.9,0.061611374
Force,Distance Driver,12,5,0,3,3,21.1,1.7,1.2,2.3,16.5,0.08056872
Goat,Distance Driver,12,4,-1,3,2,21.2,1.7,1.2,2.3,16.6,0.080188679
Grym X,Distance Driver,12,5,-1,3,2,21.2,1.6,1.1,2.2,16.9,0.075471698
Hades,Distance Driver,12,6,-3,2,-1,21,1.6,1.1,2.3,16.5,0.076190476
Harrier,Distance Driver,12,6,-3,2,-1,21.1,1.7,1.2,2.3,16.5,0.08056872
Hurricane,Distance Driver,12,5,-1,3,2,21.1,1.6,1.2,2.3,16.5,0.075829384
Illusion,Distance Driver,12,5,-1,3,2,21.4,1.5,1.1,2.1,17.2,0.070093458
Intervention,Distance Driver,12,5,-1,4,3,21.2,1.3,1.1,2.3,16.7,0.061320755
Jet Stream,Distance Driver,12,5,-1,3,2,21,1.7,1.2,2.3,16.5,0.080952381
Juggernaut,Distance Driver,12,4,1,4,5,21.1,1.7,1.2,2.3,16.4,0.08056872
Kotare,Distance Driver,12,5,0,3,3,21.2,1.5,1.2,2.3,16.5,0.070754717
Krut,Distance Driver,12,4,0,4,4,21.2,1.7,1.1,2.2,16.8,0.080188679
Lawin,Distance Driver,12,5,-3,2,-1,21,2.1,1.2,2.3,16.4,0.1
Maya,Distance Driver,12,5,-3,1,-2,21.1,1.6,1.1,2.1,16.9,0.075829384
Odin,Distance Driver,12,5,-1,3,2,21.3,1.4,1.1,2.3,16.6,0.0657277
Openwater,Distance Driver,12,4,-1.5,2,0.5,21.5,2,1.1,2.3,16.9,0.093023256
Orca,Distance Driver,12,5,-1.5,2,0.5,21.2,1.4,1.1,2.3,16.6,0.066037736
Osprey,Distance Driver,12,4,-1,2,1,21,1.6,1.2,2.3,16.4,0.076190476
Outlaw,Distance Driver,12,5,-1,3,2,21,1.6,1.1,2.3,16.4,0.076190476
Paradigm,Distance Driver,12,6,-1.5,2,0.5,21.1,1.7,1.1,2.1,16.8,0.08056872
PD2,Distance Driver,12,4,0,4,4,21.1,1.9,1.2,2.4,16.4,0.090047393
Plague,Distance Driver,12,5,-1,2.5,1.5,21.1,1.8,1.1,2.2,16.7,0.085308057
Punisher,Distance Driver,12,5,0,3,3,21.1,1.5,1.1,2.2,16.7,0.071090047
Razeri,Distance Driver,12,4,0,4,4,21.1,1.5,1.1,2.3,16.4,0.071090047
Recoil,Distance Driver,12,4,0,3,3,21.2,1.8,1.2,2.2,16.8,0.08490566
Redwood,Distance Driver,12,5,-1,2,1,21.1,1.8,1.2,2.3,16.5,0.085308057
Sage,Distance Driver,12,6,-1,3,2,21.3,1.7,1.2,2.3,16.7,0.079812207
Salt,Distance Driver,12,5,-1,2,1,21,1.7,1.1,2.3,16.4,0.080952381
Scorpius,Distance Driver,12,5,-1,3,2,21.1,1.7,1.2,2.4,16.3,0.08056872
Scythe,Distance Driver,12,3,0,4,4,21.1,1.5,1.1,2.2,16.6,0.071090047
Slab,Distance Driver,12,3,0,4,4,21.2,1.6,1.2,2.3,16.6,0.075471698
Slaidi,Distance Driver,12,5,0,3,3,21.1,2,1.2,2.2,16.8,0.09478673
Spectra,Distance Driver,12,5,-2,2,0,21.2,1.7,1.2,2.2,16.8,0.080188679
Speed Demon,Distance Driver,12,3,0,4,4,21.4,1.8,1.1,2.2,17,0.08411215
Spirit,Distance Driver,12,4,0,4,4,21.2,1.8,1.1,2.1,17,0.08490566
Supreme Trespass,Distance Driver,12,5,-0.5,3,2.5,21.1,1.7,1.1,2.2,16.6,0.08056872
Sword,Distance Driver,12,5,-0.5,2,1.5,21.2,1.8,1.2,2.2,16.8,0.08490566
Synapse,Distance Driver,12,5,-1.5,3,1.5,21.2,1.6,1.2,2.3,16.6,0.075471698
TeeDevil,Distance Driver,12,5,-1,2,1,21.2,1.6,1.2,2.4,16.4,0.075471698
Tern,Distance Driver,12,6,-3,2,-1,21.1,1.7,1.1,2.3,16.6,0.08056872
Thrasher,Distance Driver,12,5,-3,2,-1,21.1,1.7,1.1,2.1,16.8,0.08056872
Trespass,Distance Driver,12,5,-0.5,3,2.5,21.1,1.9,1.1,2.1,16.7,0.090047393
Twin Swords,Distance Driver,12,5,0,2,2,21.2,1.9,1.2,2.4,16.4,0.089622642
Valhalla,Distance Driver,12,5,0,2,2,21.3,2,1.2,2.2,16.8,0.093896714
Villain,Distance Driver,12,4,0,4,4,21.1,1.7,1.2,2.1,16.8,0.08056872
Voyage,Distance Driver,12,5,0,3,3,21.1,1.8,1.1,2.3,16.4,0.085308057
Wahoo,Distance Driver,12,6,-2,2,0,21,2,1.2,2.4,16.1,0.095238095
Warbird,Distance Driver,12,6,-1,3,2,21.1,1.9,1.2,2.3,16.5,0.090047393
Wild Honey,Distance Driver,12,5,-2,2,0,21,1.8,1.1,2.3,16.4,0.085714286
X3,Distance Driver,12,5,-1,2,1,21.1,1.7,1.1,2.2,16.6,0.08056872
XCaliber,Distance Driver,12,5,0,4,4,21.1,1.6,1.2,2.3,16.4,0.075829384
Yeet,Distance Driver,12,5,-1,3,2,21.1,1.8,1.2,2.3,16.5,0.085308057
Zeus,Distance Driver,12,5,-1,3,2,21.1,1.6,1.2,2.3,16.5,0.075829384
Adder,Distance Driver,13,5,0,4,4,21.2,1.9,1.1,2.2,16.8,0.089622642
Aftermath,Distance Driver,13,5,-2,3,1,21.2,1.7,1.1,2.5,16.3,0.080188679
Ape,Distance Driver,13,5,0,4,4,21.1,1.5,1.2,2.4,16.2,0.071090047
Bayonet,Distance Driver,13,5,-2,2,0,21,1.8,1.1,2.3,16.4,0.085714286
Big Foot,Distance Driver,13,6,-2,2,0,21.1,1.6,1.1,2.5,16.1,0.075829384
Bolt,Distance Driver,13,6,-2,3,1,21.1,1.7,1.1,2.4,16.4,0.08056872
Boss,Distance Driver,13,5,-1,3,2,21.2,1.5,1.2,2.5,16.2,0.070754717
Bowie,Distance Driver,13,5,0,4,4,21.1,1.7,1.1,2.4,16.3,0.08056872
Captain,Distance Driver,13,5,-2,2,0,21.1,1.6,1.1,2.3,16.6,0.075829384
Catalyst,Distance Driver,13,5.5,-2,2,0,21.1,1.9,1.2,2.4,16.3,0.090047393
Company,Distance Driver,13,4,0,3,3,21,2,1.1,2.3,16.4,0.095238095
Crank,Distance Driver,13,5,-2,2,0,21.1,1.6,1.1,2.4,16.3,0.075829384
Crank SS,Distance Driver,13,5,-3,2,-1,21.1,1.5,1.1,2.4,16.3,0.071090047
Cruise,Distance Driver,13,4,-2,3,1,21.1,1.6,1.1,2.3,16.4,0.075829384
Cutlass,Distance Driver,13,5,0,3.5,3.5,21.1,1.7,1.2,2.2,16.6,0.08056872
D Model OS,Distance Driver,13,5,0,4,4,21,1.5,1.1,2.2,16.7,0.071428571
D Model S,Distance Driver,13,6,0,2,2,21.1,1.5,1.1,2.2,16.7,0.071090047
D Model US,Distance Driver,13,6,-3,1,-2,21,1.6,1.1,2.2,16.7,0.076190476
DaE,Distance Driver,13,5,0,3,3,21,1.7,1.1,2.4,16.2,0.080952381
Daedalus,Distance Driver,13,6,-3,2,-1,21.1,1.5,1.2,2.3,16.4,0.071090047
DD2,Distance Driver,13,5,-2,2,0,21,1.8,1.1,2.3,16.4,0.085714286
Defender,Distance Driver,13,5,0,3,3,21,1.6,1.1,2.3,16.4,0.076190476
Dominator,Distance Driver,13,5,-1,2,1,21.1,1.4,1.1,2.4,16.2,0.066350711
Energy,Distance Driver,13,4,0,4,4,21.1,2.1,1.2,2.4,16.3,0.099526066
Falcon,Distance Driver,13,5,-2,2,0,21.1,1.4,1.1,2.4,16.3,0.066350711
Falcor,Distance Driver,13,6,-1,2.5,1.5,21.1,1.7,1.2,2.3,16.5,0.08056872
Fasti,Distance Driver,13,4,-2,3,1,21.1,1.6,1.1,2.3,17.1,0.075829384
Fenris,Distance Driver,13,5,-1,2,1,21.2,1.7,1.1,2.5,16.2,0.080188679
Giant,Distance Driver,13,4,0,3.5,3.5,21.1,1.7,1.2,2.3,16.6,0.08056872
Gladiator,Distance Driver,13,5,0,3.5,3.5,21.1,1.7,1.1,2.3,16.5,0.08056872
Great White,Distance Driver,13,5,-1,3,2,21.1,1.8,1.1,2.4,16.2,0.085308057
Groove,Distance Driver,13,6,-2,2,0,21.1,1.7,1.2,2.4,16.3,0.08056872
Grym,Distance Driver,13,5,-2,2,0,21.1,1.8,1.1,2.2,16.7,0.085308057
Guld,Distance Driver,13,5,-0.5,3,2.5,21.1,1.8,1.2,2.3,16.5,0.085308057
Halo,Distance Driver,13,5,-0.5,3,2.5,21.2,1.4,1.1,2.4,16.3,0.066037736
Havoc,Distance Driver,13,5,-1,3,2,21.1,1.7,1.1,2.3,16.6,0.08056872
Hypercane,Distance Driver,13,4,0,4,4,21.2,1.6,1.2,2.2,16.7,0.075471698
Kahu,Distance Driver,13,5,-1,2,1,21,1.5,1.1,2.4,16.2,0.071428571
Kahu OS,Distance Driver,13,5,0,3,3,21,1.5,1.1,2.4,16.2,0.071428571
Kahu XG,Distance Driver,13,5,-1.5,3,1.5,21,1.5,1.1,2.4,16.2,0.071428571
Katana,Distance Driver,13,5,-3,3,0,21.2,1.8,1.2,2.5,16.3,0.08490566
Legenda,Distance Driver,13,4,-1,4,3,21,1.5,1.1,2.4,16.3,0.071428571
Majesty,Distance Driver,13,5,-2,2,0,21,1.7,1.2,2.4,16.2,0.080952381
Mayhem,Distance Driver,13,5,-1.5,2,0.5,21.2,1.9,1.2,2.4,16.3,0.089622642
Nitro,Distance Driver,13,4,-0.5,3,2.5,21.2,1.9,1.2,2.4,16.3,0.089622642
Nuke,Distance Driver,13,5,-1,3,2,21.2,1.6,1.2,2.5,16.1,0.075471698
Nuke OS,Distance Driver,13,4,0,4,4,21.2,1.6,1.2,2.5,16.2,0.075471698
Nuke SS,Distance Driver,13,5,-3,3,0,21.2,1.5,1.1,2.5,16.2,0.070754717
O-Lace,Distance Driver,13,5,-1,3,2,21,1.7,1.1,2.3,16.3,0.080952381
Octane,Distance Driver,13,5,-1,2,1,21.1,1.7,1.2,2.4,16.3,0.08056872
Panic,Distance Driver,13,4,-0.5,3,2.5,21.1,1.7,1.2,2.4,16.3,0.08056872
Pharaoh,Distance Driver,13,6,-1,2,1,21.1,1.4,1.1,2.3,16.4,0.066350711
QI,Distance Driver,13,6,-2,2,0,21.2,1.6,1.1,2.3,16.5,0.075471698
Quasar,Distance Driver,13,5,0,3,3,21.2,1.6,1.2,2.5,16.2,0.075471698
Raider,Distance Driver,13,5,-0.5,3,2.5,21.2,1.5,1.1,2.3,16.3,0.070754717
Recon,Distance Driver,13,5,-1,3,2,21.2,1.7,1.1,2.4,16.4,0.080188679
Reign,Distance Driver,13,5,0,2,2,21,1.7,1.1,2.4,16.2,0.080952381
Reverb,Distance Driver,13,5,0,3.5,3.5,21.1,1.6,1.2,2.3,16.5,0.075829384
Rive,Distance Driver,13,5,0,3.5,3.5,21.1,1.8,1.2,2.3,16.5,0.085308057
Samurai,Distance Driver,13,5,-2,1,-1,21.1,1.8,1.2,2.3,16.5,0.085308057
Sasquatch,Distance Driver,13,5,-5,1,-4,21,1.7,1.1,2.5,16,0.080952381
Seguin,Distance Driver,13,5,0,3,3,21.1,1.6,1.1,2.3,16.6,0.075829384
Sheriff,Distance Driver,13,5,-1,2,1,21.1,1.6,1.1,2.4,16.3,0.075829384
Shryke,Distance Driver,13,6,-2,2,0,21.1,1.7,1.2,2.3,16.4,0.08056872
Siren,Distance Driver,13,5,-2,1,-1,21.1,1.8,1.2,2.3,16.4,0.085308057
Slayer,Distance Driver,13,5,-1,2,1,21.1,1.5,1.2,2.3,16.4,0.071090047
Solace,Distance Driver,13,4,0,4,4,21.1,1.7,1.1,2.4,16.2,0.08056872
Sorcerer,Distance Driver,13,5,-0.5,3,2.5,21.2,1.6,1.1,2.3,16.7,0.075471698
Starling,Distance Driver,13,5,-2,2,0,21,1.7,1.2,2.4,16.2,0.080952381
Stiletto,Distance Driver,13,3,0.5,5,5.5,21.3,1.7,1.1,2.4,16.4,0.079812207
Taipan,Distance Driver,13,5,0,3,3,21.1,1.6,1.1,2.4,16.3,0.075829384
Tempest,Distance Driver,13,5,-3,2,-1,21.1,1.7,1.1,2.3,16.5,0.08056872
Tenacity,Distance Driver,13,5,-2.5,2,-0.5,21.1,1.9,1.2,2.4,16.3,0.090047393
Tombstone,Distance Driver,13,4,0,4,4,21.1,1.3,1.1,2.3,16.5,0.061611374
Venom,Distance Driver,13,5,0,3,3,21,2,1.2,2.2,16.6,0.095238095
Vulcan,Distance Driver,13,5,-4,2,-2,21.2,1.4,1.1,2.4,16.4,0.066037736
War Horse,Distance Driver,13,4,0,4,4,21.1,1.6,1.2,2.2,16.6,0.075829384
X1,Distance Driver,13,3,0,5,5,21,1.5,1.2,2.3,16.3,0.071428571
X2,Distance Driver,13,4,0,4,4,21.1,1.8,1.1,2.2,16.6,0.085308057
X4,Distance Driver,13,5,-2.5,2,-0.5,21.2,1.7,1.1,2.3,16.6,0.080188679
X5,Distance Driver,13,5,-4,1,-3,21.1,1.9,1.1,2.2,16.6,0.090047393
Yeti,Distance Driver,13,6,-3,1,-2,21.1,1.6,1.1,2.5,16.1,0.075829384
Albatross,Distance Driver,14,6,-2,3,1,21,1.6,1.1,2.3,16.4,0.076190476
Ballista,Distance Driver,14,5,-1,3,2,21.1,1.7,1.1,2.4,16.3,0.08056872
Ballista Pro,Distance Driver,14,4,0,3,3,21.2,1.7,1.1,2.4,16.3,0.080188679
Bohrium,Distance Driver,14,6,-1,3,2,21,1.4,1.1,2.5,16,0.066666667
Cannon,Distance Driver,14,5,-3,3,0,21.1,1.8,1.2,2.5,16.1,0.085308057
Catapult,Distance Driver,14,4,-0.5,3,2.5,21.1,1.6,1.1,2.3,16.6,0.075829384
Colossus,Distance Driver,14,5,-1,3,2,21.1,1.7,1.1,2.5,16.1,0.08056872
Corvette,Distance Driver,14,6,-1,2,1,21.1,1.8,1.2,2.3,16.3,0.085308057
Destiny,Distance Driver,14,6,-2,3,1,21.2,1.6,1.1,2.3,16.6,0.075471698
Firestorm,Distance Driver,14,4,-1,3,2,21.1,1.5,1.1,2.3,16.5,0.071090047
Freedom,Distance Driver,14,5,-3,3,0,21.2,1.6,1.1,2.4,16.3,0.075471698
Gray Jay,Distance Driver,14,4,0,5,5,21,1.4,1.1,2.3,16.3,0.066666667
King,Distance Driver,14,5,-1.5,3,1.5,21.1,1.9,1.1,2.3,16.5,0.090047393
Knight,Distance Driver,14,4,-1.5,3,1.5,21.1,1.6,1.1,2.5,16.2,0.075829384
Lace,Distance Driver,14,6,-1,1,0,21,1.8,1.1,2.4,16.2,0.085714286
Luan,Distance Driver,14,5,-1,3,2,21.2,1.4,1.1,2.4,16.4,0.066037736
Merlin,Distance Driver,14,5,-1,4,3,21,1.7,1.1,2.3,16.4,0.080952381
Prometheus,Distance Driver,14,4,-1,1,0,22.6,1.6,1.2,2.6,17.5,0.07079646
Queen,Distance Driver,14,5,-3,2,-1,21.2,1.5,1.1,2.3,16.6,0.070754717
Rampage,Distance Driver,14,5,-1,4,3,21.1,1.8,1.2,2.5,16.1,0.085308057
Rask,Distance Driver,14,3,0,4,4,21.2,1.6,1.1,2.2,16.8,0.075471698
Thunder God Thor,Distance Driver,14,5,0,2,2,21,1.7,1.2,2.5,16,0.080952381
Torrent,Distance Driver,14,5,-1,2,1,21,1.5,1.2,2.4,16.1,0.071428571
unLace,Distance Driver,14,6,-5,1,-4,21.1,1.9,1.1,2.4,16.3,0.090047393
World,Distance Driver,14,4,-0.5,3,2.5,21.2,1.6,1.2,2.4,16.3,0.075471698
Delirium,Distance Driver,14.5,5,-0.5,3,2.5,21.1,1.8,1.2,2.5,16,0.085308057
Dimension,Distance Driver,14.5,5,0,3,3,21,1.8,1.2,2.5,16,0.085714286
Excite,Distance Driver,14.5,5.5,-2,2,0,21.1,2.1,1.2,2.5,15.9,0.099526066
Limit,Distance Driver,14.5,3.5,0,4,4,21.1,1.8,1.2,2.5,16,0.085308057
Relativity,Distance Driver,14.5,5.5,-3,1.5,-1.5,21.1,1.9,1.2,2.5,16,0.090047393
